no,gender,age,height,weight,bmi,griffith,thermal sensation,thermal accept,air sense,season,date,time,ta,hr
1,0,22,164,45,16.73,0.96,1.7,-0.5,0,summer,2018/7/7,8:50:00,27.7,59
1,0,22,164,45,16.73,0.96,1.5,-0.5,0,summer,2018/7/7,9:00:00,27.6,59
1,0,22,164,45,16.73,0.96,1,0.5,0,summer,2018/7/7,9:30:00,27.5,59
1,0,22,164,45,16.73,0.96,0.5,2.2,0,summer,2018/7/7,10:00:00,26.9,56
1,0,22,164,45,16.73,0.96,0.3,2.1,0,summer,2018/7/7,10:30:00,26.5,55
1,0,22,164,45,16.73,0.96,0.2,2.2,0,summer,2018/7/7,11:00:00,26.4,53
1,0,22,164,45,16.73,0.96,0,1.3,0,summer,2018/7/7,11:30:00,25.5,48
1,0,22,164,45,16.73,0.96,-0.3,0.7,0,summer,2018/7/7,12:00:00,25.5,49
1,0,22,164,45,16.73,0.96,2,0.5,0,summer,2018/7/7,14:20:00,24.4,49
1,0,22,164,45,16.73,0.96,1,0.5,0,summer,2018/7/7,14:30:00,25.3,51
1,0,22,164,45,16.73,0.96,0,2.7,0,summer,2018/7/7,15:00:00,25.3,48
1,0,22,164,45,16.73,0.96,0.5,2.2,0,summer,2018/7/7,15:30:00,27.2,52
1,0,22,164,45,16.73,0.96,1,1.2,0,summer,2018/7/7,16:00:00,27.5,52
1,0,22,164,45,16.73,0.96,0,1.6,0,summer,2018/7/7,16:30:00,27.1,52
1,0,22,164,45,16.73,0.96,-1,-0.5,0,summer,2018/7/7,17:00:00,25.2,47
1,0,22,164,45,16.73,0.96,-1.7,-1.2,0,summer,2018/7/7,17:30:00,24.6,48
1,0,22,164,45,16.73,0.96,2,-0.5,0,summer,2018/7/8,8:50:00,22.4,66
1,0,22,164,45,16.73,0.96,1.5,-0.5,0,summer,2018/7/8,9:00:00,22.7,66
1,0,22,164,45,16.73,0.96,-1,0.5,0,summer,2018/7/8,9:30:00,23.3,58
1,0,22,164,45,16.73,0.96,0,3,0,summer,2018/7/8,10:00:00,24.9,58
1,0,22,164,45,16.73,0.96,0.5,2.2,0,summer,2018/7/8,10:30:00,25.5,65
1,0,22,164,45,16.73,0.96,0.7,1,0,summer,2018/7/8,11:00:00,25.9,71
1,0,22,164,45,16.73,0.96,1,-0.5,0,summer,2018/7/8,11:30:00,26.3,67
1,0,22,164,45,16.73,0.96,1,0.5,0,summer,2018/7/8,12:00:00,26.5,66
1,0,22,164,45,16.73,0.96,1,0.5,0,summer,2018/7/8,14:20:00,23.3,59
1,0,22,164,45,16.73,0.96,0.2,0.5,0,summer,2018/7/8,14:30:00,23.9,59
1,0,22,164,45,16.73,0.96,-0.7,-0.5,0,summer,2018/7/8,15:00:00,23.8,55
1,0,22,164,45,16.73,0.96,0.2,0.5,0,summer,2018/7/8,15:30:00,25.5,60
1,0,22,164,45,16.73,0.96,0.2,0.5,0,summer,2018/7/8,16:00:00,26,63
1,0,22,164,45,16.73,0.96,0,0.5,0,summer,2018/7/8,16:30:00,26.5,63
1,0,22,164,45,16.73,0.96,1,0.5,0,summer,2018/7/8,17:00:00,26.8,64
1,0,22,164,45,16.73,0.96,2,-1.7,0,summer,2018/7/8,17:30:00,27.7,63
1,0,22,164,45,16.73,0.96,1.5,-0.5,0,summer,2018/7/9,8:50:00,23.1,66
1,0,22,164,45,16.73,0.96,0,2.5,0,summer,2018/7/9,9:00:00,23.7,64
1,0,22,164,45,16.73,0.96,-1,-0.5,0,summer,2018/7/9,9:30:00,23.7,57
1,0,22,164,45,16.73,0.96,0,3,0,summer,2018/7/9,10:00:00,26.3,55
1,0,22,164,45,16.73,0.96,0,3,0,summer,2018/7/9,10:30:00,26.7,59
1,0,22,164,45,16.73,0.96,0,3,0,summer,2018/7/9,11:00:00,27.1,58
1,0,22,164,45,16.73,0.96,0,3,0,summer,2018/7/9,11:30:00,27.3,59
1,0,22,164,45,16.73,0.96,0,3,0,summer,2018/7/9,12:00:00,27.6,59
1,0,22,164,45,16.73,0.96,1.5,-2,0,summer,2018/7/9,14:20:00,27,61
1,0,22,164,45,16.73,0.96,1,-0.5,0,summer,2018/7/9,14:30:00,27,61
1,0,22,164,45,16.73,0.96,0,2.5,0,summer,2018/7/9,15:00:00,26.5,56
1,0,22,164,45,16.73,0.96,0,3,0,summer,2018/7/9,15:30:00,26.4,59
1,0,22,164,45,16.73,0.96,-0.5,2,0,summer,2018/7/9,16:00:00,25.8,53
1,0,22,164,45,16.73,0.96,-1,0.5,0,summer,2018/7/9,16:30:00,26,58
1,0,22,164,45,16.73,0.96,-1,1.5,0,summer,2018/7/9,17:00:00,26,59
1,0,22,164,45,16.73,0.96,0,0.5,0,summer,2018/7/9,17:30:00,26.1,58
1,0,22,164,45,16.73,0.96,1.5,-1.5,0,summer,2018/7/10,8:50:00,28.5,58
1,0,22,164,45,16.73,0.96,2.5,-2.5,0,summer,2018/7/10,9:00:00,30,52
1,0,22,164,45,16.73,0.96,1,0.5,0,summer,2018/7/10,9:30:00,28.8,58
1,0,22,164,45,16.73,0.96,0,2.5,0,summer,2018/7/10,10:00:00,27.2,54
1,0,22,164,45,16.73,0.96,0,2.5,0,summer,2018/7/10,10:30:00,26.5,53
1,0,22,164,45,16.73,0.96,-0.3,2,0,summer,2018/7/10,11:00:00,25.3,51
1,0,22,164,45,16.73,0.96,0,2.3,0,summer,2018/7/10,11:30:00,25.1,56
1,0,22,164,45,16.73,0.96,0,2.2,0,summer,2018/7/10,12:00:00,25.6,55
1,0,22,164,45,16.73,0.96,0.5,0.5,0,summer,2018/7/10,14:20:00,24.6,57
1,0,22,164,45,16.73,0.96,0,2.5,0,summer,2018/7/10,14:30:00,25.1,56
1,0,22,164,45,16.73,0.96,0,3,0,summer,2018/7/10,15:00:00,26.4,58
1,0,22,164,45,16.73,0.96,0.2,3,0,summer,2018/7/10,15:30:00,27.2,59
1,0,22,164,45,16.73,0.96,1,0.5,0,summer,2018/7/10,16:00:00,27.8,61
1,0,22,164,45,16.73,0.96,0.5,1.5,0,summer,2018/7/10,16:30:00,28.2,60
1,0,22,164,45,16.73,0.96,0,1.5,0,summer,2018/7/10,17:00:00,28.2,61
1,0,22,164,45,16.73,0.96,1,0.5,0,summer,2018/7/10,17:30:00,28.5,61
1,0,22,164,45,16.73,0.96,2,-2,0,summer,2018/7/11,8:50:00,27.2,61
1,0,22,164,45,16.73,0.96,1,-0.5,0,summer,2018/7/11,9:00:00,27.2,61
1,0,22,164,45,16.73,0.96,2,-2,0,summer,2018/7/11,9:30:00,29.4,56
1,0,22,164,45,16.73,0.96,-0.5,0.5,0,summer,2018/7/11,10:00:00,26.5,54
1,0,22,164,45,16.73,0.96,-1,-0.5,0,summer,2018/7/11,10:30:00,25.9,52
1,0,22,164,45,16.73,0.96,-1.5,-1,0,summer,2018/7/11,11:00:00,25.4,53
1,0,22,164,45,16.73,0.96,-1,0.5,0,summer,2018/7/11,11:30:00,25.6,53
1,0,22,164,45,16.73,0.96,-2,-2,0,summer,2018/7/11,12:00:00,25,52
1,0,22,164,45,16.73,0.96,1,0.5,0,summer,2018/7/11,14:20:00,24.3,58
1,0,22,164,45,16.73,0.96,0,2.5,0,summer,2018/7/11,14:30:00,24.6,58
1,0,22,164,45,16.73,0.96,-0.5,1,0,summer,2018/7/11,15:00:00,24.8,54
1,0,22,164,45,16.73,0.96,0,2.5,0,summer,2018/7/11,15:30:00,25.9,53
1,0,22,164,45,16.73,0.96,0,3,0,summer,2018/7/11,16:00:00,26.8,54
1,0,22,164,45,16.73,0.96,0.7,0.8,0,summer,2018/7/11,16:30:00,27.3,54
1,0,22,164,45,16.73,0.96,0,0.7,0,summer,2018/7/11,17:00:00,27.5,56
1,0,22,164,45,16.73,0.96,0,1.5,0,summer,2018/7/11,17:30:00,27.7,57
1,0,22,164,45,16.73,0.96,0,1,0,summer,2018/7/12,8:50:00,23,59
1,0,22,164,45,16.73,0.96,0,1,0,summer,2018/7/12,9:00:00,23.6,58
1,0,22,164,45,16.73,0.96,-0.2,2,0,summer,2018/7/12,9:30:00,24,59
1,0,22,164,45,16.73,0.96,0,2,0,summer,2018/7/12,10:00:00,25.4,58
1,0,22,164,45,16.73,0.96,0,3,0,summer,2018/7/12,10:30:00,26.3,58
1,0,22,164,45,16.73,0.96,0,3,0,summer,2018/7/12,11:00:00,26.8,58
1,0,22,164,45,16.73,0.96,0.5,1.5,0,summer,2018/7/12,11:30:00,27.2,58
1,0,22,164,45,16.73,0.96,0,2,0,summer,2018/7/12,12:00:00,27.5,57
1,0,22,164,45,16.73,0.96,1,0.5,0,summer,2018/7/12,14:20:00,27,58
1,0,22,164,45,16.73,0.96,0,1.5,0,summer,2018/7/12,14:30:00,26.1,60
1,0,22,164,45,16.73,0.96,0,0.5,0,summer,2018/7/12,15:00:00,24.6,48
1,0,22,164,45,16.73,0.96,-0.5,0.5,0,summer,2018/7/12,15:30:00,23.7,53
1,0,22,164,45,16.73,0.96,-1,-0.5,0,summer,2018/7/12,16:00:00,24.6,50
1,0,22,164,45,16.73,0.96,-0.5,0.5,0,summer,2018/7/12,16:30:00,24.8,54
1,0,22,164,45,16.73,0.96,0,2,0,summer,2018/7/12,17:00:00,25.9,52
1,0,22,164,45,16.73,0.96,0.5,0.5,0,summer,2018/7/12,17:30:00,27.5,57
1,0,22,164,45,16.73,0.96,2,-3,0,summer,2018/7/13,8:50:00,26.5,62
1,0,22,164,45,16.73,0.96,1.5,-1.5,0,summer,2018/7/13,9:00:00,26.8,62
1,0,22,164,45,16.73,0.96,0.5,1.5,0,summer,2018/7/13,9:30:00,26.1,59
1,0,22,164,45,16.73,0.96,-0.2,0.5,0,summer,2018/7/13,10:00:00,25.2,54
1,0,22,164,45,16.73,0.96,-1,2.5,0,summer,2018/7/13,10:30:00,24.5,49
1,0,22,164,45,16.73,0.96,-0.5,1.5,0,summer,2018/7/13,11:00:00,25.1,54
1,0,22,164,45,16.73,0.96,-0.5,0.5,0,summer,2018/7/13,11:30:00,25.3,55
1,0,22,164,45,16.73,0.96,-1,0.5,0,summer,2018/7/13,12:00:00,25.4,54
1,0,22,164,45,16.73,0.96,2,-1.5,0,summer,2018/7/13,14:20:00,25.4,64
1,0,22,164,45,16.73,0.96,0.5,2,0,summer,2018/7/13,14:30:00,25.6,61
1,0,22,164,45,16.73,0.96,0,2,0,summer,2018/7/13,15:00:00,25.3,51
1,0,22,164,45,16.73,0.96,-0.5,0.5,0,summer,2018/7/13,15:30:00,25.6,49
1,0,22,164,45,16.73,0.96,-1,-0.5,0,summer,2018/7/13,16:00:00,25.6,48
1,0,22,164,45,16.73,0.96,-0.2,0.5,0,summer,2018/7/13,16:30:00,27,53
1,0,22,164,45,16.73,0.96,-0.2,0.5,0,summer,2018/7/13,17:00:00,27,53
1,0,22,164,45,16.73,0.96,-0.2,0.5,0,summer,2018/7/13,17:30:00,27,53
1,0,22,164,45,16.73,0.96,3,-2.5,0,summer,2018/7/16,8:50:00,28.6,57
1,0,22,164,45,16.73,0.96,2.5,-2,0,summer,2018/7/16,9:00:00,28.9,58
1,0,22,164,45,16.73,0.96,0,1,0,summer,2018/7/16,9:30:00,25.5,52
1,0,22,164,45,16.73,0.96,0,1,0,summer,2018/7/16,10:00:00,25.5,52
1,0,22,164,45,16.73,0.96,0,1,0,summer,2018/7/16,10:30:00,25.5,52
1,0,22,164,45,16.73,0.96,0,1,0,summer,2018/7/16,11:00:00,25.5,52
1,0,22,164,45,16.73,0.96,0,1,0,summer,2018/7/16,11:30:00,25.5,52
1,0,22,164,45,16.73,0.96,0,1,0,summer,2018/7/16,12:00:00,25.5,52
1,0,22,164,45,16.73,0.96,1.5,0.5,0,summer,2018/7/16,14:20:00,24.5,56
1,0,22,164,45,16.73,0.96,0.5,0.5,0,summer,2018/7/16,14:30:00,24.2,56
1,0,22,164,45,16.73,0.96,0,2,0,summer,2018/7/16,15:00:00,24.6,54
1,0,22,164,45,16.73,0.96,0,2,0,summer,2018/7/16,15:30:00,24.6,54
1,0,22,164,45,16.73,0.96,-0.4,1,1,summer,2018/7/16,16:00:00,25.3,49
1,0,22,164,45,16.73,0.96,-2,-2,1,summer,2018/7/16,16:30:00,23,50
1,0,22,164,45,16.73,0.96,-2,-2.5,1,summer,2018/7/16,17:00:00,22,52
1,0,22,164,45,16.73,0.96,-2.5,-2.5,1,summer,2018/7/16,17:30:00,21.9,53
1,0,22,164,45,16.73,0.96,-3,-2,1,summer,2018/7/16,18:00:00,21.5,52
1,0,22,164,45,16.73,0.96,-1,0.5,0,summer,2018/7/17,8:50:00,22.1,54
1,0,22,164,45,16.73,0.96,-0.5,0.5,0,summer,2018/7/17,9:00:00,22.7,53
1,0,22,164,45,16.73,0.96,-0.5,1,0,summer,2018/7/17,9:30:00,23.8,55
1,0,22,164,45,16.73,0.96,0,3,0,summer,2018/7/17,10:00:00,25.3,57
1,0,22,164,45,16.73,0.96,0,2,0,summer,2018/7/17,10:30:00,25.9,58
1,0,22,164,45,16.73,0.96,0.5,0.5,0,summer,2018/7/17,11:00:00,26.5,59
1,0,22,164,45,16.73,0.96,1,-0.5,0,summer,2018/7/17,11:30:00,26.2,59
1,0,22,164,45,16.73,0.96,1,-0.5,0,summer,2018/7/17,12:00:00,27.1,59
1,0,22,164,45,16.73,0.96,2,-0.5,0,summer,2018/7/17,14:20:00,27.3,59
1,0,22,164,45,16.73,0.96,2,-1.5,0,summer,2018/7/17,14:30:00,27.7,63
1,0,22,164,45,16.73,0.96,0,0.5,1,summer,2018/7/17,15:00:00,24.2,54
1,0,22,164,45,16.73,0.96,-1,-0.5,1,summer,2018/7/17,15:30:00,23,50
1,0,22,164,45,16.73,0.96,-1.5,0,1,summer,2018/7/17,16:00:00,23,51
1,0,22,164,45,16.73,0.96,-2.5,-2,1,summer,2018/7/17,16:30:00,23,53
1,0,22,164,45,16.73,0.96,0,3,0,summer,2018/7/17,17:00:00,26.3,53
1,0,22,164,45,16.73,0.96,0,2.5,0,summer,2018/7/17,17:30:00,27,53
1,0,22,164,45,16.73,0.96,2,-1.5,0,summer,2018/7/18,14:20:00,27.2,50
1,0,22,164,45,16.73,0.96,2,-2,0,summer,2018/7/18,14:30:00,27.2,50
1,0,22,164,45,16.73,0.96,2.5,-2.5,0,summer,2018/7/18,15:00:00,29,48
1,0,22,164,45,16.73,0.96,2.5,-2,0,summer,2018/7/18,15:30:00,29.7,46
1,0,22,164,45,16.73,0.96,0,1,1,summer,2018/7/18,16:00:00,26.5,44
1,0,22,164,45,16.73,0.96,-0.7,0,1,summer,2018/7/18,16:30:00,25.7,42
1,0,22,164,45,16.73,0.96,-1.5,-1,1,summer,2018/7/18,17:00:00,25.2,43
1,0,22,164,45,16.73,0.96,0,0,0,summer,2018/7/18,17:30:00,27,45
1,0,22,164,45,16.73,0.96,2,-2,0,summer,2018/7/19,8:50:00,29.8,58
1,0,22,164,45,16.73,0.96,2,-2,0,summer,2018/7/19,9:00:00,29,59
1,0,22,164,45,16.73,0.96,-0.5,0,1,summer,2018/7/19,9:30:00,24.7,48
1,0,22,164,45,16.73,0.96,0,1,1,summer,2018/7/19,10:00:00,23.2,50
1,0,22,164,45,16.73,0.96,-0.5,1,1,summer,2018/7/19,10:30:00,23.1,52
1,0,22,164,45,16.73,0.96,-1,0,1,summer,2018/7/19,11:00:00,22.8,50
1,0,22,164,45,16.73,0.96,-2,-2,1,summer,2018/7/19,11:30:00,22.9,52
1,0,22,164,45,16.73,0.96,-2,-2,1,summer,2018/7/19,12:00:00,23,52
1,0,22,164,45,16.73,0.96,-2,-2,1,summer,2018/7/19,14:20:00,23,52
1,0,22,164,45,16.73,0.96,2.5,-2,0,summer,2018/7/19,14:30:00,29.9,50
1,0,22,164,45,16.73,0.96,0,3,1,summer,2018/7/19,15:00:00,24.8,44
1,0,22,164,45,16.73,0.96,-0.5,2,1,summer,2018/7/19,15:30:00,24.4,45
1,0,22,164,45,16.73,0.96,-1.5,-1,1,summer,2018/7/19,16:00:00,24.2,46
1,0,22,164,45,16.73,0.96,-1.5,-1,1,summer,2018/7/19,16:30:00,24.2,49
1,0,22,164,45,16.73,0.96,-1,-1.5,1,summer,2018/7/19,17:00:00,24.5,46
1,0,22,164,45,16.73,0.96,0,-1,1,summer,2018/7/19,17:30:00,24.1,46
1,0,22,164,45,16.73,0.96,2.5,-2.5,0,summer,2018/7/20,8:50:00,29.9,55
1,0,22,164,45,16.73,0.96,1.5,-1.5,0,summer,2018/7/20,9:00:00,29.5,55
1,0,22,164,45,16.73,0.96,1,-1.5,0,summer,2018/7/20,9:30:00,29.1,49
1,0,22,164,45,16.73,0.96,0,0,0,summer,2018/7/20,10:00:00,28.5,45
1,0,22,164,45,16.73,0.96,0,0,0,summer,2018/7/20,10:30:00,28.5,45
1,0,22,164,45,16.73,0.96,-1,0,0,summer,2018/7/20,11:00:00,26.4,44
1,0,22,164,45,16.73,0.96,-0.5,0,0,summer,2018/7/20,11:30:00,26.3,45
1,0,22,164,45,16.73,0.96,-0.5,0,0,summer,2018/7/20,12:00:00,26.3,45
1,0,22,164,45,16.73,0.96,2,-2,0,summer,2018/7/20,14:20:00,25.7,48
1,0,22,164,45,16.73,0.96,1,-1,0,summer,2018/7/20,14:30:00,26,48
1,0,22,164,45,16.73,0.96,1,-1,0,summer,2018/7/20,15:00:00,26,48
1,0,22,164,45,16.73,0.96,0,0,1,summer,2018/7/20,15:30:00,25.3,46
1,0,22,164,45,16.73,0.96,0,0,1,summer,2018/7/20,16:00:00,25.3,46
1,0,22,164,45,16.73,0.96,0,0,1,summer,2018/7/20,16:30:00,26.2,45
1,0,22,164,45,16.73,0.96,0,0,1,summer,2018/7/20,17:00:00,26.2,45
1,0,22,164,45,16.73,0.96,0,0,1,summer,2018/7/20,17:30:00,26.2,45
1,0,22,164,45,16.73,0.96,0,0,1,summer,2018/7/21,8:50:00,26.2,45
1,0,22,164,45,16.73,0.96,2,-2,0,summer,2018/7/21,9:00:00,28.3,54
1,0,22,164,45,16.73,0.96,1,-0.5,0,summer,2018/7/21,9:30:00,27.1,48
1,0,22,164,45,16.73,0.96,0.5,0,0,summer,2018/7/21,10:00:00,26.8,45
1,0,22,164,45,16.73,0.96,0.5,0,0,summer,2018/7/21,10:30:00,26.8,46
1,0,22,164,45,16.73,0.96,0.5,0,0,summer,2018/7/21,11:00:00,26.8,45
1,0,22,164,45,16.73,0.96,-2,-2,1,summer,2018/7/21,11:30:00,26.8,45
1,0,22,164,45,16.73,0.96,-2,-2,1,summer,2018/7/21,12:00:00,26.8,45
1,0,22,164,45,16.73,0.96,-2,-2,1,summer,2018/7/21,14:20:00,26.8,45
1,0,22,164,45,16.73,0.96,2.5,-2,0,summer,2018/7/21,14:30:00,29.9,50
1,0,22,164,45,16.73,0.96,0,3,1,summer,2018/7/21,15:00:00,24.8,44
1,0,22,164,45,16.73,0.96,-0.5,2,1,summer,2018/7/21,15:30:00,24.4,45
1,0,22,164,45,16.73,0.96,-1.5,-1,1,summer,2018/7/21,16:00:00,24.2,46
1,0,22,164,45,16.73,0.96,-1.5,-1,1,summer,2018/7/21,16:30:00,24.2,49
1,0,22,164,45,16.73,0.96,-1,-1.5,1,summer,2018/7/21,17:00:00,24.5,46
1,0,22,164,45,16.73,0.96,0,-1,1,summer,2018/7/21,17:30:00,24.1,46
2,1,22,178,65,20.52,1.6,0,2.2,0,summer,2018/7/7,8:50:00,27.9,57
2,1,22,178,65,20.52,1.6,0,2.2,0,summer,2018/7/7,9:00:00,27.9,57
2,1,22,178,65,20.52,1.6,-0.3,2.4,0,summer,2018/7/7,9:30:00,26.9,59
2,1,22,178,65,20.52,1.6,-1,0.5,0,summer,2018/7/7,10:00:00,26.4,56
2,1,22,178,65,20.52,1.6,-0.5,2.2,0,summer,2018/7/7,10:30:00,26.1,55
2,1,22,178,65,20.52,1.6,-0.9,1.9,0,summer,2018/7/7,11:00:00,25.8,54
2,1,22,178,65,20.52,1.6,-1,0.3,0,summer,2018/7/7,11:30:00,25.1,48
2,1,22,178,65,20.52,1.6,-1,-0.5,0,summer,2018/7/7,12:00:00,25.2,48
2,1,22,178,65,20.52,1.6,0.3,0.6,0,summer,2018/7/7,14:20:00,24.4,55
2,1,22,178,65,20.52,1.6,0.8,1.2,0,summer,2018/7/7,14:30:00,25.2,50
2,1,22,178,65,20.52,1.6,1,0.5,0,summer,2018/7/7,15:00:00,25,48
2,1,22,178,65,20.52,1.6,0.2,2.7,0,summer,2018/7/7,15:30:00,27.8,50
2,1,22,178,65,20.52,1.6,0.1,0.2,0,summer,2018/7/7,16:00:00,27.6,51
2,1,22,178,65,20.52,1.6,-0.8,0.4,0,summer,2018/7/7,16:30:00,26.6,52
2,1,22,178,65,20.52,1.6,-0.7,0,0,summer,2018/7/7,17:00:00,26.6,42
2,1,22,178,65,20.52,1.6,-1,-0.4,0,summer,2018/7/7,17:30:00,25.4,45
2,1,22,178,65,20.52,1.6,-1.2,0.5,0,summer,2018/7/8,8:50:00,22.7,65
2,1,22,178,65,20.52,1.6,0,2.2,0,summer,2018/7/8,9:00:00,22.9,64
2,1,22,178,65,20.52,1.6,-0.4,0.7,0,summer,2018/7/8,9:30:00,23.8,55
2,1,22,178,65,20.52,1.6,1,2.2,0,summer,2018/7/8,10:00:00,24.8,56
2,1,22,178,65,20.52,1.6,0.5,1.7,0,summer,2018/7/8,10:30:00,26.3,61
2,1,22,178,65,20.52,1.6,0,2.1,0,summer,2018/7/8,11:00:00,26.8,65
2,1,22,178,65,20.52,1.6,0,2.8,0,summer,2018/7/8,11:30:00,27.1,62
2,1,22,178,65,20.52,1.6,0,2.4,0,summer,2018/7/8,12:00:00,27.3,61
2,1,22,178,65,20.52,1.6,-0.5,0.5,0,summer,2018/7/8,14:20:00,23.7,58
2,1,22,178,65,20.52,1.6,-0.4,1.6,0,summer,2018/7/8,14:30:00,24.1,57
2,1,22,178,65,20.52,1.6,-0.4,1.6,0,summer,2018/7/8,15:00:00,24.1,57
2,1,22,178,65,20.52,1.6,0,2.4,0,summer,2018/7/8,15:30:00,26.4,57
2,1,22,178,65,20.52,1.6,0,2.7,0,summer,2018/7/8,16:00:00,26.9,59
2,1,22,178,65,20.52,1.6,0,2.5,0,summer,2018/7/8,16:30:00,27.1,60
2,1,22,178,65,20.52,1.6,0,2.5,0,summer,2018/7/8,17:00:00,27,62
2,1,22,178,65,20.52,1.6,0,2.4,0,summer,2018/7/8,17:30:00,27.1,63
2,1,22,178,65,20.52,1.6,-0.5,0.5,0,summer,2018/7/9,8:50:00,23.2,65
2,1,22,178,65,20.52,1.6,-1,-0.3,0,summer,2018/7/9,9:00:00,24,61
2,1,22,178,65,20.52,1.6,-1,-0.2,0,summer,2018/7/9,9:30:00,24.3,55
2,1,22,178,65,20.52,1.6,-0.2,1.8,0,summer,2018/7/9,10:00:00,26.3,53
2,1,22,178,65,20.52,1.6,0,0.5,0,summer,2018/7/9,10:30:00,26.7,58
2,1,22,178,65,20.52,1.6,1,2.5,0,summer,2018/7/9,11:00:00,27.3,57
2,1,22,178,65,20.52,1.6,0.1,1.7,0,summer,2018/7/9,11:30:00,27.6,58
2,1,22,178,65,20.52,1.6,-1,2.2,0,summer,2018/7/9,12:00:00,27.5,59
2,1,22,178,65,20.52,1.6,1,1,0,summer,2018/7/9,14:20:00,26.7,61
2,1,22,178,65,20.52,1.6,1.3,1.5,0,summer,2018/7/9,14:30:00,26.7,61
2,1,22,178,65,20.52,1.6,0,1.5,0,summer,2018/7/9,15:00:00,26.7,55
2,1,22,178,65,20.52,1.6,0,1.7,0,summer,2018/7/9,15:30:00,26.4,58
2,1,22,178,65,20.52,1.6,-0.5,1.6,0,summer,2018/7/9,16:00:00,25.8,52
2,1,22,178,65,20.52,1.6,0,2,0,summer,2018/7/9,16:30:00,25.2,60
2,1,22,178,65,20.52,1.6,1,1.8,0,summer,2018/7/9,17:00:00,25.6,58
2,1,22,178,65,20.52,1.6,-0.5,1,0,summer,2018/7/9,17:30:00,25.8,56
2,1,22,178,65,20.52,1.6,0,1.1,0,summer,2018/7/10,8:50:00,26.8,60
2,1,22,178,65,20.52,1.6,0,1.2,0,summer,2018/7/10,9:00:00,26.9,61
2,1,22,178,65,20.52,1.6,0.3,2.1,0,summer,2018/7/10,9:30:00,27.6,60
2,1,22,178,65,20.52,1.6,0,1.8,0,summer,2018/7/10,10:00:00,26.9,56
2,1,22,178,65,20.52,1.6,0.2,1.8,0,summer,2018/7/10,10:30:00,26,53
2,1,22,178,65,20.52,1.6,0.2,1.8,0,summer,2018/7/10,11:00:00,26,53
2,1,22,178,65,20.52,1.6,-0.3,0.7,0,summer,2018/7/10,11:30:00,25.1,53
2,1,22,178,65,20.52,1.6,-0.7,0.5,0,summer,2018/7/10,12:00:00,25.3,64
2,1,22,178,65,20.52,1.6,0.3,0.7,0,summer,2018/7/10,14:20:00,24.6,59
2,1,22,178,65,20.52,1.6,0,0.7,0,summer,2018/7/10,14:30:00,24.5,58
2,1,22,178,65,20.52,1.6,0.3,2.2,0,summer,2018/7/10,15:00:00,26.7,55
2,1,22,178,65,20.52,1.6,0,2.1,0,summer,2018/7/10,15:30:00,27.4,58
2,1,22,178,65,20.52,1.6,0,1.7,0,summer,2018/7/10,16:00:00,27.6,59
2,1,22,178,65,20.52,1.6,0,1.3,0,summer,2018/7/10,16:30:00,28.1,59
2,1,22,178,65,20.52,1.6,0.3,1.4,0,summer,2018/7/10,17:00:00,28.1,59
2,1,22,178,65,20.52,1.6,0,1.7,0,summer,2018/7/10,17:30:00,28.4,60
2,1,22,178,65,20.52,1.6,0.2,1.3,0,summer,2018/7/11,8:50:00,27.1,59
2,1,22,178,65,20.52,1.6,1,1.7,0,summer,2018/7/11,9:00:00,27.1,60
2,1,22,178,65,20.52,1.6,1,1.6,0,summer,2018/7/11,9:30:00,28,59
2,1,22,178,65,20.52,1.6,1,2.2,0,summer,2018/7/11,10:00:00,26.3,54
2,1,22,178,65,20.52,1.6,0.5,2,0,summer,2018/7/11,10:30:00,26.1,50
2,1,22,178,65,20.52,1.6,-1,0.5,0,summer,2018/7/11,11:00:00,25.6,51
2,1,22,178,65,20.52,1.6,-0.7,1.6,0,summer,2018/7/11,11:30:00,26,51
2,1,22,178,65,20.52,1.6,0,1.6,0,summer,2018/7/11,12:00:00,27.4,53
2,1,22,178,65,20.52,1.6,0,2.2,0,summer,2018/7/11,14:20:00,27.9,54
2,1,22,178,65,20.52,1.6,0,2,0,summer,2018/7/11,14:30:00,28.1,55
2,1,22,178,65,20.52,1.6,0,2,0,summer,2018/7/11,15:00:00,28.1,55
2,1,22,178,65,20.52,1.6,0,2,0,summer,2018/7/11,15:30:00,28.1,55
2,1,22,178,65,20.52,1.6,0,2,0,summer,2018/7/11,16:00:00,28.1,55
2,1,22,178,65,20.52,1.6,0,2,0,summer,2018/7/11,16:30:00,28.1,55
2,1,22,178,65,20.52,1.6,0,2,0,summer,2018/7/11,17:00:00,28.1,55
2,1,22,178,65,20.52,1.6,0,2,0,summer,2018/7/11,17:30:00,28.1,55
2,1,22,178,65,20.52,1.6,-0.5,0.8,0,summer,2018/7/12,8:50:00,22.8,59
2,1,22,178,65,20.52,1.6,-0.5,0.4,0,summer,2018/7/12,9:00:00,23.2,58
2,1,22,178,65,20.52,1.6,-0.3,1.6,0,summer,2018/7/12,9:30:00,23.7,58
2,1,22,178,65,20.52,1.6,0,1.7,0,summer,2018/7/12,10:00:00,25,58
2,1,22,178,65,20.52,1.6,0,2.1,0,summer,2018/7/12,10:30:00,25.9,57
2,1,22,178,65,20.52,1.6,-0.3,1.5,0,summer,2018/7/12,11:00:00,26.4,58
2,1,22,178,65,20.52,1.6,-0.9,0.5,0,summer,2018/7/12,11:30:00,26.7,57
2,1,22,178,65,20.52,1.6,-0.8,0.5,0,summer,2018/7/12,12:00:00,26.9,57
2,1,22,178,65,20.52,1.6,0.3,1.9,0,summer,2018/7/12,14:20:00,25.9,53
2,1,22,178,65,20.52,1.6,0.3,0.8,0,summer,2018/7/12,14:30:00,25.8,53
2,1,22,178,65,20.52,1.6,-0.2,0.9,0,summer,2018/7/12,15:00:00,24.5,45
2,1,22,178,65,20.52,1.6,-0.5,0.7,0,summer,2018/7/12,15:30:00,25.2,49
2,1,22,178,65,20.52,1.6,-0.1,1.7,0,summer,2018/7/12,16:00:00,24.7,48
2,1,22,178,65,20.52,1.6,-0.6,1.7,0,summer,2018/7/12,16:30:00,24.7,51
2,1,22,178,65,20.52,1.6,-0.2,1.6,0,summer,2018/7/12,17:00:00,26.1,59
2,1,22,178,65,20.52,1.6,0,1.7,0,summer,2018/7/12,17:30:00,26.6,57
2,1,22,178,65,20.52,1.6,0.3,1.3,0,summer,2018/7/13,8:50:00,25.9,63
2,1,22,178,65,20.52,1.6,-0.2,1.7,0,summer,2018/7/13,9:00:00,26.3,64
2,1,22,178,65,20.52,1.6,-0.1,1.1,0,summer,2018/7/13,9:30:00,25.7,60
2,1,22,178,65,20.52,1.6,-0.8,0.7,0,summer,2018/7/13,10:00:00,25.1,54
2,1,22,178,65,20.52,1.6,-0.7,0.3,0,summer,2018/7/13,10:30:00,24.2,49
2,1,22,178,65,20.52,1.6,-0.7,0.2,0,summer,2018/7/13,11:00:00,24.6,55
2,1,22,178,65,20.52,1.6,-0.2,0.7,0,summer,2018/7/13,11:30:00,24.5,54
2,1,22,178,65,20.52,1.6,0.2,1.3,0,summer,2018/7/13,12:00:00,24.1,55
2,1,22,178,65,20.52,1.6,0.2,1.3,0,summer,2018/7/13,14:20:00,24.1,55
2,1,22,178,65,20.52,1.6,0.2,1.3,0,summer,2018/7/13,14:30:00,24.1,55
2,1,22,178,65,20.52,1.6,0.2,1.3,0,summer,2018/7/13,15:00:00,24.1,55
2,1,22,178,65,20.52,1.6,-0.7,0.9,0,summer,2018/7/13,15:30:00,24.2,52
2,1,22,178,65,20.52,1.6,0,1.2,0,summer,2018/7/13,16:00:00,24.6,50
2,1,22,178,65,20.52,1.6,0.2,1.8,0,summer,2018/7/13,16:30:00,26.6,52
2,1,22,178,65,20.52,1.6,0.2,1.7,0,summer,2018/7/13,17:00:00,27,56
2,1,22,178,65,20.52,1.6,0.7,1.6,0,summer,2018/7/13,17:30:00,27.3,57
2,1,22,178,65,20.52,1.6,1.2,-0.8,0,summer,2018/7/16,8:50:00,28.2,59
2,1,22,178,65,20.52,1.6,1.7,0.8,0,summer,2018/7/16,9:00:00,28.4,59
2,1,22,178,65,20.52,1.6,-0.2,0.5,0,summer,2018/7/16,9:30:00,24.8,55
2,1,22,178,65,20.52,1.6,-0.2,0.5,0,summer,2018/7/16,10:00:00,24.8,55
2,1,22,178,65,20.52,1.6,-0.2,0.5,0,summer,2018/7/16,10:30:00,24.8,55
2,1,22,178,65,20.52,1.6,-0.2,0.5,0,summer,2018/7/16,11:00:00,24.8,55
2,1,22,178,65,20.52,1.6,-0.2,0.5,0,summer,2018/7/16,11:30:00,24.8,55
2,1,22,178,65,20.52,1.6,-0.2,0.5,0,summer,2018/7/16,12:00:00,24.8,55
2,1,22,178,65,20.52,1.6,-0.2,0.5,0,summer,2018/7/16,14:20:00,24.8,55
2,1,22,178,65,20.52,1.6,-0.3,0.5,0,summer,2018/7/16,14:30:00,24.8,55
2,1,22,178,65,20.52,1.6,0,1.6,0,summer,2018/7/16,15:00:00,24.9,53
2,1,22,178,65,20.52,1.6,0,1.2,0,summer,2018/7/16,15:30:00,25.3,53
2,1,22,178,65,20.52,1.6,-0.3,1.6,1,summer,2018/7/16,16:00:00,25.1,50
2,1,22,178,65,20.52,1.6,-1,1.7,1,summer,2018/7/16,16:30:00,22,52
2,1,22,178,65,20.52,1.6,-0.7,-0.7,1,summer,2018/7/16,17:00:00,21.9,54
2,1,22,178,65,20.52,1.6,-1.2,-0.9,1,summer,2018/7/16,17:30:00,21.9,53
2,1,22,178,65,20.52,1.6,0.7,0.2,1,summer,2018/7/16,18:00:00,21.6,52
2,1,22,178,65,20.52,1.6,-0.3,0.8,0,summer,2018/7/17,8:50:00,22.4,54
2,1,22,178,65,20.52,1.6,-0.7,1.2,0,summer,2018/7/17,9:00:00,22.2,52
2,1,22,178,65,20.52,1.6,0.3,1.3,0,summer,2018/7/17,9:30:00,23.6,54
2,1,22,178,65,20.52,1.6,0.2,0.5,0,summer,2018/7/17,10:00:00,25.1,57
2,1,22,178,65,20.52,1.6,0.2,0.8,0,summer,2018/7/17,10:30:00,25.7,59
2,1,22,178,65,20.52,1.6,0.2,0.8,0,summer,2018/7/17,11:00:00,25.7,59
2,1,22,178,65,20.52,1.6,1.3,1.7,0,summer,2018/7/17,11:30:00,26.7,58
2,1,22,178,65,20.52,1.6,0,1.7,0,summer,2018/7/17,12:00:00,27.2,58
2,1,22,178,65,20.52,1.6,0,1.7,0,summer,2018/7/17,14:20:00,27.4,59
2,1,22,178,65,20.52,1.6,1.1,2.1,0,summer,2018/7/17,14:30:00,27.8,62
2,1,22,178,65,20.52,1.6,0,1.1,1,summer,2018/7/17,15:00:00,23.6,54
2,1,22,178,65,20.52,1.6,-1,-0.3,1,summer,2018/7/17,15:30:00,22.3,50
2,1,22,178,65,20.52,1.6,-1.2,-0.5,1,summer,2018/7/17,16:00:00,21.7,52
2,1,22,178,65,20.52,1.6,-1,-0.5,1,summer,2018/7/17,16:30:00,23,55
2,1,22,178,65,20.52,1.6,-0.1,1.5,0,summer,2018/7/17,17:00:00,26.5,52
2,1,22,178,65,20.52,1.6,-0.1,1.5,0,summer,2018/7/17,17:30:00,26.5,52
2,1,22,178,65,20.52,1.6,-0.1,1.5,0,summer,2018/7/18,8:50:00,26.5,52
2,1,22,178,65,20.52,1.6,1,1.4,0,summer,2018/7/18,9:00:00,27.8,60
2,1,22,178,65,20.52,1.6,-0.7,1.2,0,summer,2018/7/18,9:30:00,23.4,50
2,1,22,178,65,20.52,1.6,-0.8,1.2,0,summer,2018/7/18,10:00:00,21.6,53
2,1,22,178,65,20.52,1.6,0.2,0.8,0,summer,2018/7/18,10:30:00,24.7,53
2,1,22,178,65,20.52,1.6,0.2,0.7,0,summer,2018/7/18,11:00:00,25.1,52
2,1,22,178,65,20.52,1.6,0.2,0.8,0,summer,2018/7/18,11:30:00,27.3,53
2,1,22,178,65,20.52,1.6,0.3,0.2,0,summer,2018/7/18,12:00:00,28.2,53
2,1,22,178,65,20.52,1.6,0,1.7,0,summer,2018/7/18,14:20:00,27.3,48
2,1,22,178,65,20.52,1.6,0.7,1.6,0,summer,2018/7/18,14:30:00,27.4,49
2,1,22,178,65,20.52,1.6,0.5,1.5,0,summer,2018/7/18,15:00:00,28,48
2,1,22,178,65,20.52,1.6,0,1.7,0,summer,2018/7/18,15:30:00,28.4,47
2,1,22,178,65,20.52,1.6,-0.6,1.7,1,summer,2018/7/18,16:00:00,23.5,47
2,1,22,178,65,20.52,1.6,-0.5,0.8,1,summer,2018/7/18,16:30:00,22.5,47
2,1,22,178,65,20.52,1.6,0,1.7,1,summer,2018/7/18,17:00:00,22.5,47
2,1,22,178,65,20.52,1.6,0.8,0.7,0,summer,2018/7/18,17:30:00,25,48
2,1,22,178,65,20.52,1.6,-1,-1,0,summer,2018/7/19,8:50:00,30,59
2,1,22,178,65,20.52,1.6,-1,-1,0,summer,2018/7/19,9:00:00,29.9,57
2,1,22,178,65,20.52,1.6,0,0,1,summer,2018/7/19,9:30:00,27.1,46
2,1,22,178,65,20.52,1.6,0,0,1,summer,2018/7/19,10:00:00,27,45
2,1,22,178,65,20.52,1.6,0,0,1,summer,2018/7/19,10:30:00,26.6,47
2,1,22,178,65,20.52,1.6,-0.5,1,1,summer,2018/7/19,11:00:00,27,44
2,1,22,178,65,20.52,1.6,-0.5,1,1,summer,2018/7/19,11:30:00,26.2,47
2,1,22,178,65,20.52,1.6,-0.5,1,1,summer,2018/7/19,12:00:00,26.4,47
2,1,22,178,65,20.52,1.6,2,-1.5,1,summer,2018/7/19,14:20:00,30.5,52
2,1,22,178,65,20.52,1.6,2,-1.5,1,summer,2018/7/19,14:30:00,30.5,52
2,1,22,178,65,20.52,1.6,-1,-0.5,1,summer,2018/7/19,15:00:00,27.9,40
2,1,22,178,65,20.52,1.6,-0.5,-0.5,1,summer,2018/7/19,15:30:00,27.7,39
2,1,22,178,65,20.52,1.6,0,-1,1,summer,2018/7/19,16:00:00,27.6,41
2,1,22,178,65,20.52,1.6,0,0,1,summer,2018/7/19,16:30:00,27.4,44
2,1,22,178,65,20.52,1.6,-1,1,1,summer,2018/7/19,17:00:00,27.8,40
2,1,22,178,65,20.52,1.6,0.5,1,0,summer,2018/7/19,17:30:00,27.3,41
2,1,22,178,65,20.52,1.6,1,1,0,summer,2018/7/20,8:50:00,31.6,56
2,1,22,178,65,20.52,1.6,0.5,0.5,0,summer,2018/7/20,9:00:00,31,57
2,1,22,178,65,20.52,1.6,1,1,0,summer,2018/7/20,9:30:00,29.5,45
2,1,22,178,65,20.52,1.6,0.5,0,0,summer,2018/7/20,10:00:00,29.7,43
2,1,22,178,65,20.52,1.6,0.5,0,0,summer,2018/7/20,10:30:00,29.7,43
2,1,22,178,65,20.52,1.6,0.5,0,0,summer,2018/7/20,11:00:00,29.7,43
2,1,22,178,65,20.52,1.6,0.5,0,0,summer,2018/7/20,11:30:00,29.7,43
2,1,22,178,65,20.52,1.6,0.5,0,0,summer,2018/7/20,12:00:00,29.7,43
2,1,22,178,65,20.52,1.6,0.5,0,0,summer,2018/7/20,14:20:00,29.7,43
2,1,22,178,65,20.52,1.6,0.5,0,0,summer,2018/7/20,14:30:00,29.7,43
2,1,22,178,65,20.52,1.6,0.5,0,0,summer,2018/7/20,15:00:00,29.7,43
2,1,22,178,65,20.52,1.6,0.5,0,0,summer,2018/7/20,15:30:00,29.7,43
2,1,22,178,65,20.52,1.6,0.5,0,0,summer,2018/7/20,16:00:00,29.7,43
2,1,22,178,65,20.52,1.6,0.5,0,0,summer,2018/7/20,16:30:00,29.7,43
2,1,22,178,65,20.52,1.6,0.5,0,0,summer,2018/7/20,17:00:00,29.7,43
2,1,22,178,65,20.52,1.6,0.5,0,0,summer,2018/7/20,17:30:00,29.7,43
2,1,22,178,65,20.52,1.6,0.5,0,0,summer,2018/7/21,8:50:00,29.7,43
2,1,22,178,65,20.52,1.6,0.5,0,0,summer,2018/7/21,9:00:00,29.7,43
2,1,22,178,65,20.52,1.6,0.5,0,0,summer,2018/7/21,9:30:00,29.7,43
2,1,22,178,65,20.52,1.6,0.5,0,0,summer,2018/7/21,10:00:00,29.7,43
2,1,22,178,65,20.52,1.6,0.5,0,0,summer,2018/7/21,10:30:00,29.7,43
2,1,22,178,65,20.52,1.6,0.5,1,0,summer,2018/7/21,11:00:00,27.2,44
2,1,22,178,65,20.52,1.6,-0.5,1,0,summer,2018/7/21,11:30:00,27.2,43
2,1,22,178,65,20.52,1.6,-0.5,1,0,summer,2018/7/21,12:00:00,27.1,44
2,1,22,178,65,20.52,1.6,-0.5,1,0,summer,2018/7/21,14:20:00,25.7,46
2,1,22,178,65,20.52,1.6,-0.5,1.5,0,summer,2018/7/21,14:30:00,25.6,44
2,1,22,178,65,20.52,1.6,-1,-0.5,0,summer,2018/7/21,15:00:00,28.4,38
2,1,22,178,65,20.52,1.6,-0.5,-1,0,summer,2018/7/21,15:30:00,28.1,40
2,1,22,178,65,20.52,1.6,0,-1,1,summer,2018/7/21,16:00:00,25.3,44
2,1,22,178,65,20.52,1.6,0,0,0,summer,2018/7/21,16:30:00,26.4,42
2,1,22,178,65,20.52,1.6,-1,1,0,summer,2018/7/21,17:00:00,26.9,45
2,1,22,178,65,20.52,1.6,0.5,1,0,summer,2018/7/21,17:30:00,26.3,44
3,1,23,181,70,21.37,2.01,0.5,1,0,summer,2018/7/11,8:50:00,26.3,44
3,1,23,181,70,21.37,2.01,0.5,1,0,summer,2018/7/11,9:00:00,26.3,44
3,1,23,181,70,21.37,2.01,-0.3,2.7,0,summer,2018/7/11,9:30:00,25.2,54
3,1,23,181,70,21.37,2.01,-1,2.2,0,summer,2018/7/11,10:00:00,25,52
3,1,23,181,70,21.37,2.01,-0.8,1.2,0,summer,2018/7/11,10:30:00,24.9,54
3,1,23,181,70,21.37,2.01,-0.7,1.2,0,summer,2018/7/11,11:00:00,24.6,51
3,1,23,181,70,21.37,2.01,-0.7,0.7,0,summer,2018/7/11,11:30:00,24.5,52
3,1,23,181,70,21.37,2.01,0,0.7,0,summer,2018/7/11,12:00:00,25.9,52
3,1,23,181,70,21.37,2.01,-0.2,2.7,0,summer,2018/7/11,14:20:00,26,57
3,1,23,181,70,21.37,2.01,-0.2,2.7,0,summer,2018/7/11,14:30:00,26,57
3,1,23,181,70,21.37,2.01,0,2.5,0,summer,2018/7/11,15:00:00,25.2,53
3,1,23,181,70,21.37,2.01,0,2.5,0,summer,2018/7/11,15:30:00,24.8,51
3,1,23,181,70,21.37,2.01,0,2.7,0,summer,2018/7/11,16:00:00,24.7,53
3,1,23,181,70,21.37,2.01,-0.8,2.7,0,summer,2018/7/11,16:30:00,24.3,50
3,1,23,181,70,21.37,2.01,0,2.7,0,summer,2018/7/11,17:00:00,25.9,52
3,1,23,181,70,21.37,2.01,0,2.7,0,summer,2018/7/11,17:30:00,26.5,53
3,1,23,181,70,21.37,2.01,0,2.7,0,summer,2018/7/13,8:50:00,26.5,53
3,1,23,181,70,21.37,2.01,-1.2,0.8,0,summer,2018/7/13,9:00:00,23.4,61
3,1,23,181,70,21.37,2.01,0,2.7,0,summer,2018/7/13,9:30:00,25,60
3,1,23,181,70,21.37,2.01,0.3,2.7,0,summer,2018/7/13,10:00:00,25.5,60
3,1,23,181,70,21.37,2.01,0.2,2.6,0,summer,2018/7/13,10:30:00,26,59
3,1,23,181,70,21.37,2.01,0.3,2.7,0,summer,2018/7/13,11:00:00,26.3,59
3,1,23,181,70,21.37,2.01,0.3,2.5,0,summer,2018/7/13,11:30:00,26.7,58
3,1,23,181,70,21.37,2.01,0,2.5,0,summer,2018/7/13,12:00:00,25.1,54
3,1,23,181,70,21.37,2.01,-1.1,2.6,0,summer,2018/7/13,14:20:00,24.3,55
3,1,23,181,70,21.37,2.01,-0.9,2.7,0,summer,2018/7/13,14:30:00,24.4,53
3,1,23,181,70,21.37,2.01,-1,2.7,0,summer,2018/7/13,15:00:00,24.7,51
3,1,23,181,70,21.37,2.01,-0.5,2.7,0,summer,2018/7/13,15:30:00,25,51
3,1,23,181,70,21.37,2.01,0,2.8,0,summer,2018/7/13,16:00:00,25.2,51
3,1,23,181,70,21.37,2.01,0,2.8,0,summer,2018/7/13,16:30:00,25.2,52
3,1,23,181,70,21.37,2.01,-0.5,2.6,0,summer,2018/7/13,17:00:00,25.1,52
3,1,23,181,70,21.37,2.01,0,2.7,0,summer,2018/7/13,17:30:00,25.2,53
3,1,23,181,70,21.37,2.01,-1.7,2.2,0,summer,2018/7/14,8:50:00,22.5,60
3,1,23,181,70,21.37,2.01,-1.2,2.2,0,summer,2018/7/14,9:00:00,22.7,67
3,1,23,181,70,21.37,2.01,-0.5,2.7,0,summer,2018/7/14,9:30:00,24.5,64
3,1,23,181,70,21.37,2.01,0,2.7,0,summer,2018/7/14,10:00:00,25.3,63
3,1,23,181,70,21.37,2.01,0,2.7,0,summer,2018/7/14,10:30:00,25.8,64
3,1,23,181,70,21.37,2.01,0,2.7,0,summer,2018/7/14,11:00:00,26.4,63
3,1,23,181,70,21.37,2.01,-0.4,2.7,0,summer,2018/7/14,11:30:00,24.9,54
3,1,23,181,70,21.37,2.01,-0.5,2.8,0,summer,2018/7/14,12:00:00,24.7,52
3,1,23,181,70,21.37,2.01,-1,2.5,0,summer,2018/7/14,14:20:00,23.5,57
3,1,23,181,70,21.37,2.01,-1,2.5,0,summer,2018/7/14,14:30:00,23.6,58
3,1,23,181,70,21.37,2.01,0,2.7,0,summer,2018/7/14,15:00:00,25.2,56
3,1,23,181,70,21.37,2.01,0,2.7,0,summer,2018/7/14,15:30:00,25.8,54
3,1,23,181,70,21.37,2.01,0.2,2.5,0,summer,2018/7/14,16:00:00,26.5,52
3,1,23,181,70,21.37,2.01,0,2.7,0,summer,2018/7/14,16:30:00,26.7,51
3,1,23,181,70,21.37,2.01,0,2.7,0,summer,2018/7/14,17:00:00,25.4,49
3,1,23,181,70,21.37,2.01,0,2.7,0,summer,2018/7/14,17:30:00,25.4,48
3,1,23,181,70,21.37,2.01,1.2,2.3,0,summer,2018/7/15,8:50:00,27.5,60
3,1,23,181,70,21.37,2.01,1,2.2,0,summer,2018/7/15,9:00:00,27.6,61
3,1,23,181,70,21.37,2.01,0,2.8,0,summer,2018/7/15,9:30:00,26.4,53
3,1,23,181,70,21.37,2.01,0,2.7,0,summer,2018/7/15,10:00:00,26.3,53
3,1,23,181,70,21.37,2.01,0,2.7,0,summer,2018/7/15,10:30:00,26.1,51
3,1,23,181,70,21.37,2.01,-0.5,2.7,0,summer,2018/7/15,11:00:00,25.3,46
3,1,23,181,70,21.37,2.01,0,2.7,0,summer,2018/7/15,11:30:00,26.4,50
3,1,23,181,70,21.37,2.01,0,2.7,0,summer,2018/7/15,12:00:00,26.7,51
3,1,23,181,70,21.37,2.01,0.2,2.7,0,summer,2018/7/15,14:20:00,26.8,52
3,1,23,181,70,21.37,2.01,0,2.7,0,summer,2018/7/15,14:30:00,26.8,52
3,1,23,181,70,21.37,2.01,0.5,2.5,0,summer,2018/7/15,15:00:00,27.1,53
3,1,23,181,70,21.37,2.01,0.7,2.2,0,summer,2018/7/15,15:30:00,27.5,51
3,1,23,181,70,21.37,2.01,0,2.8,0,summer,2018/7/15,16:00:00,26.5,48
3,1,23,181,70,21.37,2.01,0,2.7,0,summer,2018/7/15,16:30:00,26.5,49
3,1,23,181,70,21.37,2.01,0,2.8,0,summer,2018/7/15,17:00:00,26.3,47
3,1,23,181,70,21.37,2.01,0,2.7,0,summer,2018/7/15,17:30:00,26.4,48
3,1,23,181,70,21.37,2.01,1,2,0,summer,2018/7/16,8:50:00,28.2,56
3,1,23,181,70,21.37,2.01,1,2,0,summer,2018/7/16,9:00:00,28.2,57
3,1,23,181,70,21.37,2.01,0,2.8,0,summer,2018/7/16,9:30:00,26.8,50
3,1,23,181,70,21.37,2.01,0,0,0,summer,2018/7/16,10:00:00,50,2.7
3,1,23,181,70,21.37,2.01,0,2.7,0,summer,2018/7/16,10:30:00,26.1,47
4,0,22,162,53,20.2,0.52,2,0.5,0,summer,2018/7/7,8:50:00,27.9,56
4,0,22,162,53,20.2,0.52,3,0.5,0,summer,2018/7/7,9:00:00,27.1,56
4,0,22,162,53,20.2,0.52,1.5,0.7,0,summer,2018/7/7,9:30:00,26.5,59
4,0,22,162,53,20.2,0.52,0,2,0,summer,2018/7/7,10:00:00,27.1,52
4,0,22,162,53,20.2,0.52,-0.5,2.5,0,summer,2018/7/7,10:30:00,26.9,51
4,0,22,162,53,20.2,0.52,-0.5,2.5,0,summer,2018/7/7,11:00:00,26.7,50
4,0,22,162,53,20.2,0.52,-0.5,1.5,0,summer,2018/7/7,11:30:00,26.3,44
4,0,22,162,53,20.2,0.52,-1,1,0,summer,2018/7/7,12:00:00,26.2,44
4,0,22,162,53,20.2,0.52,1,0.5,0,summer,2018/7/7,14:20:00,24.9,48
4,0,22,162,53,20.2,0.52,0.5,1.5,0,summer,2018/7/7,14:30:00,25.9,47
4,0,22,162,53,20.2,0.52,0,2.5,0,summer,2018/7/7,15:00:00,26.1,44
4,0,22,162,53,20.2,0.52,0.5,1.55,0,summer,2018/7/7,15:30:00,27.5,47
4,0,22,162,53,20.2,0.52,2.5,-0.5,0,summer,2018/7/7,16:00:00,27.7,48
4,0,22,162,53,20.2,0.52,0.5,1.5,0,summer,2018/7/7,16:30:00,27,50
4,0,22,162,53,20.2,0.52,-1,1,0,summer,2018/7/7,17:00:00,26.1,42
4,0,22,162,53,20.2,0.52,-1.5,-0.5,0,summer,2018/7/7,17:30:00,25.3,43
4,0,22,162,53,20.2,0.52,1,-1.5,0,summer,2018/7/8,8:50:00,21.8,63
4,0,22,162,53,20.2,0.52,1,-0.5,0,summer,2018/7/8,9:00:00,22.1,62
4,0,22,162,53,20.2,0.52,-2,-2,0,summer,2018/7/8,9:30:00,22.5,57
4,0,22,162,53,20.2,0.52,-0.5,0.5,0,summer,2018/7/8,10:00:00,24.2,55
4,0,22,162,53,20.2,0.52,-0.5,1,0,summer,2018/7/8,10:30:00,25.2,63
4,0,22,162,53,20.2,0.52,-0.5,1.5,0,summer,2018/7/8,11:00:00,25.8,68
4,0,22,162,53,20.2,0.52,-0.5,2,0,summer,2018/7/8,11:30:00,26,64
4,0,22,162,53,20.2,0.52,-0.5,1.5,0,summer,2018/7/8,12:00:00,26.3,62
4,0,22,162,53,20.2,0.52,1.5,-0.5,0,summer,2018/7/8,14:20:00,23.2,55
4,0,22,162,53,20.2,0.52,-0.5,-0.5,0,summer,2018/7/8,14:30:00,22.9,58
4,0,22,162,53,20.2,0.52,-1.5,-1.5,0,summer,2018/7/8,15:00:00,22.6,56
4,0,22,162,53,20.2,0.52,0,1.5,0,summer,2018/7/8,15:30:00,25.2,58
4,0,22,162,53,20.2,0.52,0,2.5,0,summer,2018/7/8,16:00:00,25.7,59
4,0,22,162,53,20.2,0.52,0,2.5,0,summer,2018/7/8,16:30:00,26.1,61
4,0,22,162,53,20.2,0.52,0.5,0.5,0,summer,2018/7/8,17:00:00,26.3,62
4,0,22,162,53,20.2,0.52,1,-0.5,0,summer,2018/7/8,17:30:00,26.5,63
4,0,22,162,53,20.2,0.52,-3,-3,0,summer,2018/7/9,8:50:00,21.7,61
4,0,22,162,53,20.2,0.52,-1.5,-1,0,summer,2018/7/9,9:00:00,22.4,64
4,0,22,162,53,20.2,0.52,-2,-2,0,summer,2018/7/9,9:30:00,22.2,59
4,0,22,162,53,20.2,0.52,-1,0.5,0,summer,2018/7/9,10:00:00,24.7,57
4,0,22,162,53,20.2,0.52,0,1.5,0,summer,2018/7/9,10:30:00,25.4,60
4,0,22,162,53,20.2,0.52,0,2,0,summer,2018/7/9,11:00:00,25.7,60
4,0,22,162,53,20.2,0.52,0,1.5,0,summer,2018/7/9,11:30:00,26,60
4,0,22,162,53,20.2,0.52,0,1,0,summer,2018/7/9,12:00:00,26.2,60
4,0,22,162,53,20.2,0.52,2,-1,0,summer,2018/7/9,14:20:00,25.9,60
4,0,22,162,53,20.2,0.52,2,-1,0,summer,2018/7/9,14:30:00,26.1,60
4,0,22,162,53,20.2,0.52,0,0.5,0,summer,2018/7/9,15:00:00,25,58
4,0,22,162,53,20.2,0.52,-1,0,0,summer,2018/7/9,15:30:00,24.6,60
4,0,22,162,53,20.2,0.52,-1,-1,0,summer,2018/7/9,16:00:00,24.8,53
4,0,22,162,53,20.2,0.52,0,1,0,summer,2018/7/9,16:30:00,24.5,60
4,0,22,162,53,20.2,0.52,0.5,1,0,summer,2018/7/9,17:00:00,24.4,60
4,0,22,162,53,20.2,0.52,0.5,1.5,0,summer,2018/7/9,17:30:00,24.4,61
4,0,22,162,53,20.2,0.52,2.5,-1.5,0,summer,2018/7/10,8:50:00,26.1,59
4,0,22,162,53,20.2,0.52,2,-2,0,summer,2018/7/10,9:00:00,26.4,60
4,0,22,162,53,20.2,0.52,1,0,0,summer,2018/7/10,9:30:00,26.9,60
4,0,22,162,53,20.2,0.52,0,1,0,summer,2018/7/10,10:00:00,24.8,59
4,0,22,162,53,20.2,0.52,-1,-1,0,summer,2018/7/10,10:30:00,24.4,56
4,0,22,162,53,20.2,0.52,-2,-1.5,0,summer,2018/7/10,11:00:00,23.7,53
4,0,22,162,53,20.2,0.52,-0.5,0.5,0,summer,2018/7/10,11:30:00,25.1,50
4,0,22,162,53,20.2,0.52,-1.5,-0.5,0,summer,2018/7/10,12:00:00,24.9,49
4,0,22,162,53,20.2,0.52,2,-2,0,summer,2018/7/10,14:20:00,24,55
4,0,22,162,53,20.2,0.52,0.5,1.5,0,summer,2018/7/10,14:30:00,24.4,55
4,0,22,162,53,20.2,0.52,0,2.5,0,summer,2018/7/10,15:00:00,25.9,55
4,0,22,162,53,20.2,0.52,-0.5,2,0,summer,2018/7/10,15:30:00,26.7,55
4,0,22,162,53,20.2,0.52,0.5,-0.5,0,summer,2018/7/10,16:00:00,26.8,59
4,0,22,162,53,20.2,0.52,0,3,0,summer,2018/7/10,16:30:00,27.2,60
4,0,22,162,53,20.2,0.52,0.5,1.5,0,summer,2018/7/10,17:00:00,27.4,60
4,0,22,162,53,20.2,0.52,1,1,0,summer,2018/7/10,17:30:00,27.5,61
4,0,22,162,53,20.2,0.52,3,-3,0,summer,2018/7/11,8:50:00,26.4,60
4,0,22,162,53,20.2,0.52,2.5,-2.5,0,summer,2018/7/11,9:00:00,26.4,61
4,0,22,162,53,20.2,0.52,2.5,-1.5,0,summer,2018/7/11,9:30:00,26.9,61
4,0,22,162,53,20.2,0.52,-1,0.5,0,summer,2018/7/11,10:00:00,24.5,58
4,0,22,162,53,20.2,0.52,-1.5,0.5,0,summer,2018/7/11,10:30:00,24,54
4,0,22,162,53,20.2,0.52,-2,-2,0,summer,2018/7/11,11:00:00,24,53
4,0,22,162,53,20.2,0.52,-2,-2.5,0,summer,2018/7/11,11:30:00,24.2,54
4,0,22,162,53,20.2,0.52,-3,-3,0,summer,2018/7/11,12:00:00,23.5,53
4,0,22,162,53,20.2,0.52,2,-2,0,summer,2018/7/11,14:20:00,23.3,56
4,0,22,162,53,20.2,0.52,0,1.5,0,summer,2018/7/11,14:30:00,23.9,57
4,0,22,162,53,20.2,0.52,0,0.5,0,summer,2018/7/11,15:00:00,24.5,52
4,0,22,162,53,20.2,0.52,0.5,0.5,0,summer,2018/7/11,15:30:00,25.2,51
4,0,22,162,53,20.2,0.52,-0.5,1.5,0,summer,2018/7/11,16:00:00,25.8,53
4,0,22,162,53,20.2,0.52,1,0.5,0,summer,2018/7/11,16:30:00,26.3,53
4,0,22,162,53,20.2,0.52,1,0.5,0,summer,2018/7/11,17:00:00,26.5,55
4,0,22,162,53,20.2,0.52,1,-1,0,summer,2018/7/11,17:30:00,26.8,57
4,0,22,162,53,20.2,0.52,2.5,-1.5,0,summer,2018/7/12,8:50:00,22.1,58
4,0,22,162,53,20.2,0.52,0.5,1.5,0,summer,2018/7/12,9:00:00,23,57
4,0,22,162,53,20.2,0.52,-0.5,0.5,0,summer,2018/7/12,9:30:00,23.5,57
4,0,22,162,53,20.2,0.52,1,0.5,0,summer,2018/7/12,10:00:00,25,56
4,0,22,162,53,20.2,0.52,1.5,-0.5,0,summer,2018/7/12,10:30:00,25.6,56
4,0,22,162,53,20.2,0.52,0,2,0,summer,2018/7/12,11:00:00,26,57
4,0,22,162,53,20.2,0.52,0,2,0,summer,2018/7/12,11:30:00,26.4,57
4,0,22,162,53,20.2,0.52,0,3,0,summer,2018/7/12,12:00:00,26.5,57
4,0,22,162,53,20.2,0.52,2,-2.5,0,summer,2018/7/12,14:20:00,26.1,57
4,0,22,162,53,20.2,0.52,1,1,0,summer,2018/7/12,14:30:00,25,56
4,0,22,162,53,20.2,0.52,0,1,0,summer,2018/7/12,15:00:00,24.4,45
4,0,22,162,53,20.2,0.52,-1,1.5,0,summer,2018/7/12,15:30:00,23.7,53
4,0,22,162,53,20.2,0.52,-1.5,-1.5,0,summer,2018/7/12,16:00:00,23,52
4,0,22,162,53,20.2,0.52,-1.5,-1.5,0,summer,2018/7/12,16:30:00,23.4,56
4,0,22,162,53,20.2,0.52,-0.5,1.5,0,summer,2018/7/12,17:00:00,24.9,63
4,0,22,162,53,20.2,0.52,-1,0.5,0,summer,2018/7/12,17:30:00,25.5,60
4,0,22,162,53,20.2,0.52,2.5,-3,0,summer,2018/7/13,8:50:00,26.2,59
4,0,22,162,53,20.2,0.52,2,-3,0,summer,2018/7/13,9:00:00,26.4,59
4,0,22,162,53,20.2,0.52,1,1,0,summer,2018/7/13,9:30:00,24.9,60
4,0,22,162,53,20.2,0.52,-0.5,2.5,0,summer,2018/7/13,10:00:00,25.3,51
4,0,22,162,53,20.2,0.52,-1.5,-0.5,0,summer,2018/7/13,10:30:00,24.8,47
4,0,22,162,53,20.2,0.52,-2,0.5,0,summer,2018/7/13,11:00:00,25,51
4,0,22,162,53,20.2,0.52,-1,1,0,summer,2018/7/13,11:30:00,24,55
4,0,22,162,53,20.2,0.52,0,1,0,summer,2018/7/13,12:00:00,23.9,55
4,0,22,162,53,20.2,0.52,3,-3,0,summer,2018/7/13,14:20:00,25.2,63
4,0,22,162,53,20.2,0.52,2,-1.5,0,summer,2018/7/13,14:30:00,25.6,58
4,0,22,162,53,20.2,0.52,0,3,0,summer,2018/7/13,15:00:00,25.4,48
4,0,22,162,53,20.2,0.52,0,3,0,summer,2018/7/13,15:30:00,25.5,47
4,0,22,162,53,20.2,0.52,1,1.5,0,summer,2018/7/13,16:00:00,25.7,45
4,0,22,162,53,20.2,0.52,2,-1.5,0,summer,2018/7/13,16:30:00,26.8,49
4,0,22,162,53,20.2,0.52,2,2,0,summer,2018/7/13,17:00:00,27.3,52
4,0,22,162,53,20.2,0.52,1,2.5,0,summer,2018/7/13,17:30:00,27.5,53
4,0,22,162,53,20.2,0.52,2.5,0,0,summer,2018/7/16,8:50:00,28.1,54
4,0,22,162,53,20.2,0.52,3,-3,0,summer,2018/7/16,9:00:00,28.6,55
4,0,22,162,53,20.2,0.52,3,-2,0,summer,2018/7/16,9:30:00,28.2,58
4,0,22,162,53,20.2,0.52,1.5,1,0,summer,2018/7/16,10:00:00,28.2,56
4,0,22,162,53,20.2,0.52,0,-0.5,0,summer,2018/7/16,10:30:00,24.4,50
4,0,22,162,53,20.2,0.52,0,-0.5,0,summer,2018/7/16,11:00:00,24.4,50
4,0,22,162,53,20.2,0.52,0,-0.5,0,summer,2018/7/16,11:30:00,24.4,50
4,0,22,162,53,20.2,0.52,0,-0.5,0,summer,2018/7/16,12:00:00,24.4,50
4,0,22,162,53,20.2,0.52,2,-2,0,summer,2018/7/16,14:20:00,25.7,53
4,0,22,162,53,20.2,0.52,2.5,-3,0,summer,2018/7/16,14:30:00,26,53
4,0,22,162,53,20.2,0.52,0,2,0,summer,2018/7/16,15:00:00,26.9,49
4,0,22,162,53,20.2,0.52,-1,1.5,0,summer,2018/7/16,15:30:00,26.6,50
4,0,22,162,53,20.2,0.52,-1.5,1.5,1,summer,2018/7/16,16:00:00,27.2,46
4,0,22,162,53,20.2,0.52,-3,-3,1,summer,2018/7/16,16:30:00,25.8,46
4,0,22,162,53,20.2,0.52,-3,-3,1,summer,2018/7/16,17:00:00,24.3,49
4,0,22,162,53,20.2,0.52,-3,-3,1,summer,2018/7/16,17:30:00,23.9,50
4,0,22,162,53,20.2,0.52,-3,-3,1,summer,2018/7/16,18:00:00,23.9,50
4,0,22,162,53,20.2,0.52,0,-0.5,0,summer,2018/7/17,8:50:00,22.9,54
4,0,22,162,53,20.2,0.52,0,1,0,summer,2018/7/17,9:00:00,23.4,54
4,0,22,162,53,20.2,0.52,0,3,0,summer,2018/7/17,9:30:00,25,52
4,0,22,162,53,20.2,0.52,0,2,0,summer,2018/7/17,10:00:00,26.1,56
4,0,22,162,53,20.2,0.52,0.5,2,0,summer,2018/7/17,10:30:00,26.6,58
4,0,22,162,53,20.2,0.52,0.5,2,0,summer,2018/7/17,11:00:00,27.2,60
4,0,22,162,53,20.2,0.52,1.5,1.5,0,summer,2018/7/17,11:30:00,27.4,57
4,0,22,162,53,20.2,0.52,1.5,3,0,summer,2018/7/17,12:00:00,28,59
4,0,22,162,53,20.2,0.52,3,-3,0,summer,2018/7/17,14:20:00,27.6,62
4,0,22,162,53,20.2,0.52,3,-3,0,summer,2018/7/17,14:30:00,28.3,63
4,0,22,162,53,20.2,0.52,-1,0.5,1,summer,2018/7/17,15:00:00,26.7,49
4,0,22,162,53,20.2,0.52,-2,-2,1,summer,2018/7/17,15:30:00,24.2,49
4,0,22,162,53,20.2,0.52,-2.5,-2.5,1,summer,2018/7/17,16:00:00,23.9,52
4,0,22,162,53,20.2,0.52,-3,-3,1,summer,2018/7/17,16:30:00,23.9,54
4,0,22,162,53,20.2,0.52,0.5,2,0,summer,2018/7/17,17:00:00,26.7,54
4,0,22,162,53,20.2,0.52,2,0.5,0,summer,2018/7/17,17:30:00,27.7,54
4,0,22,162,53,20.2,0.52,3,-3,0,summer,2018/7/18,8:50:00,27.5,61
4,0,22,162,53,20.2,0.52,3,-3,0,summer,2018/7/18,9:00:00,27.8,60
4,0,22,162,53,20.2,0.52,-1,0,1,summer,2018/7/18,9:30:00,24,50
4,0,22,162,53,20.2,0.52,-2,-1,1,summer,2018/7/18,10:00:00,22.8,50
4,0,22,162,53,20.2,0.52,-2.5,-2,1,summer,2018/7/18,10:30:00,22.6,51
4,0,22,162,53,20.2,0.52,0,2,0,summer,2018/7/18,11:00:00,25.7,52
4,0,22,162,53,20.2,0.52,0,3,0,summer,2018/7/18,11:30:00,27.1,54
4,0,22,162,53,20.2,0.52,1,1,0,summer,2018/7/18,12:00:00,27.9,55
4,0,22,162,53,20.2,0.52,-0.5,-1,0,summer,2018/7/18,14:20:00,26.5,49
4,0,22,162,53,20.2,0.52,-1,-1,0,summer,2018/7/18,14:30:00,26.7,50
4,0,22,162,53,20.2,0.52,1,2,0,summer,2018/7/18,15:00:00,27.3,50
4,0,22,162,53,20.2,0.52,1.5,1,0,summer,2018/7/18,15:30:00,27.9,48
4,0,22,162,53,20.2,0.52,-1,-1,1,summer,2018/7/18,16:00:00,23.9,47
4,0,22,162,53,20.2,0.52,-2,-2,1,summer,2018/7/18,16:30:00,23.2,46
4,0,22,162,53,20.2,0.52,-1.5,-1.5,1,summer,2018/7/18,17:00:00,22.9,47
4,0,22,162,53,20.2,0.52,1.5,0,0,summer,2018/7/18,17:30:00,24.6,49
4,0,22,162,53,20.2,0.52,2,-2,0,summer,2018/7/19,8:50:00,30.2,56
4,0,22,162,53,20.2,0.52,3,-3,0,summer,2018/7/19,9:00:00,30.3,58
4,0,22,162,53,20.2,0.52,2,-2,1,summer,2018/7/19,9:30:00,27.7,45
4,0,22,162,53,20.2,0.52,0,0,1,summer,2018/7/19,10:00:00,26.6,45
4,0,22,162,53,20.2,0.52,-0.5,-0.5,1,summer,2018/7/19,10:30:00,26.1,47
4,0,22,162,53,20.2,0.52,-0.5,2,1,summer,2018/7/19,11:00:00,25.9,47
4,0,22,162,53,20.2,0.52,-1.5,0,1,summer,2018/7/19,11:30:00,26,48
4,0,22,162,53,20.2,0.52,-2,-1,0,summer,2018/7/19,12:00:00,25.9,48
4,0,22,162,53,20.2,0.52,-2,-1,0,summer,2018/7/19,14:20:00,25.9,48
4,0,22,162,53,20.2,0.52,-2,-1,0,summer,2018/7/19,14:30:00,25.9,48
4,0,22,162,53,20.2,0.52,-2,-1,0,summer,2018/7/19,15:00:00,25.9,48
4,0,22,162,53,20.2,0.52,-2,-1,0,summer,2018/7/19,15:30:00,25.9,48
4,0,22,162,53,20.2,0.52,-2,-1,0,summer,2018/7/19,16:00:00,25.9,48
4,0,22,162,53,20.2,0.52,-2,-1,0,summer,2018/7/19,16:30:00,25.9,48
4,0,22,162,53,20.2,0.52,-2,-1,0,summer,2018/7/19,17:00:00,25.9,48
4,0,22,162,53,20.2,0.52,-2,-1,0,summer,2018/7/19,17:30:00,25.9,48
4,0,22,162,53,20.2,0.52,3,-3,0,summer,2018/7/20,8:50:00,29.3,52
4,0,22,162,53,20.2,0.52,2.5,-2,0,summer,2018/7/20,9:00:00,29.4,55
4,0,22,162,53,20.2,0.52,2,-2,0,summer,2018/7/20,9:30:00,28.3,50
4,0,22,162,53,20.2,0.52,0.5,1,0,summer,2018/7/20,10:00:00,27.5,46
4,0,22,162,53,20.2,0.52,0,2,0,summer,2018/7/20,10:30:00,26.1,44
4,0,22,162,53,20.2,0.52,0,3,0,summer,2018/7/20,11:00:00,25.7,45
4,0,22,162,53,20.2,0.52,0,2,0,summer,2018/7/20,11:30:00,25.6,46
4,0,22,162,53,20.2,0.52,-1,3,0,summer,2018/7/20,12:00:00,25.9,48
4,0,22,162,53,20.2,0.52,3,-3,0,summer,2018/7/20,14:20:00,25,49
4,0,22,162,53,20.2,0.52,2.5,-2,0,summer,2018/7/20,14:30:00,25.3,49
4,0,22,162,53,20.2,0.52,0,2,1,summer,2018/7/20,15:00:00,23.1,46
4,0,22,162,53,20.2,0.52,-1,1,1,summer,2018/7/20,15:30:00,22.4,49
4,0,22,162,53,20.2,0.52,-2.5,-2,1,summer,2018/7/20,16:00:00,22,48
4,0,22,162,53,20.2,0.52,-1.5,-1,0,summer,2018/7/20,16:30:00,25,47
4,0,22,162,53,20.2,0.52,0.5,2,0,summer,2018/7/20,17:00:00,25.9,46
4,0,22,162,53,20.2,0.52,1.5,0,0,summer,2018/7/20,17:30:00,26.3,46
4,0,22,162,53,20.2,0.52,2,-1,0,summer,2018/7/21,8:50:00,27.3,53
4,0,22,162,53,20.2,0.52,2.5,-3,0,summer,2018/7/21,9:00:00,27.6,53
4,0,22,162,53,20.2,0.52,0.5,2,0,summer,2018/7/21,9:30:00,26.3,49
4,0,22,162,53,20.2,0.52,0,2.5,0,summer,2018/7/21,10:00:00,25.9,46
4,0,22,162,53,20.2,0.52,0.5,2,0,summer,2018/7/21,10:30:00,25.9,47
4,0,22,162,53,20.2,0.52,-0.5,1,0,summer,2018/7/21,11:00:00,26,46
4,0,22,162,53,20.2,0.52,1,0.5,0,summer,2018/7/21,11:30:00,25.9,45
4,0,22,162,53,20.2,0.52,1,0,0,summer,2018/7/21,12:00:00,26,45
4,0,22,162,53,20.2,0.52,3,-3,0,summer,2018/7/21,14:20:00,23.8,47
4,0,22,162,53,20.2,0.52,2,-2,0,summer,2018/7/21,14:30:00,24.2,46
4,0,22,162,53,20.2,0.52,0,2,0,summer,2018/7/21,15:00:00,25.2,46
4,0,22,162,53,20.2,0.52,3,-3,1,summer,2018/7/21,15:30:00,24.8,44
4,0,22,162,53,20.2,0.52,0.5,0,0,summer,2018/7/21,16:00:00,24.7,46
4,0,22,162,53,20.2,0.52,1,2,0,summer,2018/7/21,16:30:00,25.3,45
4,0,22,162,53,20.2,0.52,2,0,0,summer,2018/7/21,17:00:00,25.8,47
4,0,22,162,53,20.2,0.52,2,-1,0,summer,2018/7/21,17:30:00,25.4,46
5,1,24,180,62,19.14,1.05,1.3,-0.5,0,summer,2018/7/7,8:50:00,27.8,54
5,1,24,180,62,19.14,1.05,0.8,0.3,0,summer,2018/7/7,9:00:00,27.4,56
5,1,24,180,62,19.14,1.05,0.4,0.3,0,summer,2018/7/7,9:30:00,27.3,57
5,1,24,180,62,19.14,1.05,0.5,0.5,0,summer,2018/7/7,10:00:00,26.8,53
5,1,24,180,62,19.14,1.05,0.2,1.7,0,summer,2018/7/7,10:30:00,26.5,51
5,1,24,180,62,19.14,1.05,0,1.2,0,summer,2018/7/7,11:00:00,26.7,50
5,1,24,180,62,19.14,1.05,0,1.6,0,summer,2018/7/7,11:30:00,25.7,45
5,1,24,180,62,19.14,1.05,0,2.6,0,summer,2018/7/7,12:00:00,25.7,45
5,1,24,180,62,19.14,1.05,0.9,0.7,0,summer,2018/7/7,14:20:00,25.3,44
5,1,24,180,62,19.14,1.05,0.3,1.6,0,summer,2018/7/7,14:30:00,25.5,47
5,1,24,180,62,19.14,1.05,0,2,0,summer,2018/7/7,15:00:00,25.8,45
5,1,24,180,62,19.14,1.05,0.9,1.3,0,summer,2018/7/7,15:30:00,28.6,43
5,1,24,180,62,19.14,1.05,0.4,1.2,0,summer,2018/7/7,16:00:00,28.5,45
5,1,24,180,62,19.14,1.05,-0.2,2.2,0,summer,2018/7/7,16:30:00,27.7,47
5,1,24,180,62,19.14,1.05,-0.3,1.3,0,summer,2018/7/7,17:00:00,25.8,42
5,1,24,180,62,19.14,1.05,-0.5,1.6,0,summer,2018/7/7,17:30:00,24.9,44
5,1,24,180,62,19.14,1.05,-0.2,1.9,0,summer,2018/7/8,8:50:00,22.6,60
5,1,24,180,62,19.14,1.05,-0.3,2.1,0,summer,2018/7/8,9:00:00,22.8,60
5,1,24,180,62,19.14,1.05,-0.2,1.7,0,summer,2018/7/8,9:30:00,23.4,54
5,1,24,180,62,19.14,1.05,0,1.5,0,summer,2018/7/8,10:00:00,25.6,52
5,1,24,180,62,19.14,1.05,0.1,1.7,0,summer,2018/7/8,10:30:00,26.1,60
5,1,24,180,62,19.14,1.05,0,2.2,0,summer,2018/7/8,11:00:00,26.6,64
5,1,24,180,62,19.14,1.05,0,1.7,0,summer,2018/7/8,11:30:00,27.1,61
5,1,24,180,62,19.14,1.05,0.1,1.7,0,summer,2018/7/8,12:00:00,27.2,59
5,1,24,180,62,19.14,1.05,-0.2,1,0,summer,2018/7/8,14:20:00,23.6,54
5,1,24,180,62,19.14,1.05,-0.3,1.7,0,summer,2018/7/8,14:30:00,23.9,55
5,1,24,180,62,19.14,1.05,-0.2,1.7,0,summer,2018/7/8,15:00:00,23.7,52
5,1,24,180,62,19.14,1.05,0,2.3,0,summer,2018/7/8,15:30:00,26.1,54
5,1,24,180,62,19.14,1.05,0,2.2,0,summer,2018/7/8,16:00:00,26.7,57
5,1,24,180,62,19.14,1.05,0.2,1.7,0,summer,2018/7/8,16:30:00,27,58
5,1,24,180,62,19.14,1.05,0.2,1.3,0,summer,2018/7/8,17:00:00,27.2,59
5,1,24,180,62,19.14,1.05,0.3,1.2,0,summer,2018/7/8,17:30:00,27.4,60
5,1,24,180,62,19.14,1.05,0.2,1.3,0,summer,2018/7/9,8:50:00,23.2,83
5,1,24,180,62,19.14,1.05,0,1.1,0,summer,2018/7/9,9:00:00,23.4,61
5,1,24,180,62,19.14,1.05,0.1,1.3,0,summer,2018/7/9,9:30:00,23.5,55
5,1,24,180,62,19.14,1.05,0.1,1.7,0,summer,2018/7/9,10:00:00,25.8,53
5,1,24,180,62,19.14,1.05,0,1.7,0,summer,2018/7/9,10:30:00,26.5,56
5,1,24,180,62,19.14,1.05,0.1,2.2,0,summer,2018/7/9,11:00:00,26.8,56
5,1,24,180,62,19.14,1.05,0.2,1.4,0,summer,2018/7/9,11:30:00,27,57
5,1,24,180,62,19.14,1.05,0.1,1.4,0,summer,2018/7/9,12:00:00,27.3,57
5,1,24,180,62,19.14,1.05,0.3,0.6,0,summer,2018/7/9,14:20:00,26.5,57
5,1,24,180,62,19.14,1.05,0.1,1.1,0,summer,2018/7/9,14:30:00,26.7,58
5,1,24,180,62,19.14,1.05,0.1,1.1,0,summer,2018/7/9,15:00:00,26,55
5,1,24,180,62,19.14,1.05,0.1,1.4,0,summer,2018/7/9,15:30:00,25.8,57
5,1,24,180,62,19.14,1.05,0.1,1.8,0,summer,2018/7/9,16:00:00,25.3,51
5,1,24,180,62,19.14,1.05,0.1,2.3,0,summer,2018/7/9,16:30:00,25.6,55
5,1,24,180,62,19.14,1.05,0,2.3,0,summer,2018/7/9,17:00:00,25.8,55
5,1,24,180,62,19.14,1.05,0,2.6,0,summer,2018/7/9,17:30:00,26.5,54
5,1,24,180,62,19.14,1.05,1.1,0.7,0,summer,2018/7/10,8:50:00,26.9,57
5,1,24,180,62,19.14,1.05,0.4,0.8,0,summer,2018/7/10,9:00:00,27.4,56
5,1,24,180,62,19.14,1.05,0.7,0.3,0,summer,2018/7/10,9:30:00,27.5,58
5,1,24,180,62,19.14,1.05,0,1.3,0,summer,2018/7/10,10:00:00,26.4,54
5,1,24,180,62,19.14,1.05,-0.5,0.3,0,summer,2018/7/10,10:30:00,25.2,54
5,1,24,180,62,19.14,1.05,-0.2,1.3,0,summer,2018/7/10,11:00:00,25,49
5,1,24,180,62,19.14,1.05,-1.2,-0.4,0,summer,2018/7/10,11:30:00,25.4,49
5,1,24,180,62,19.14,1.05,0.1,1.3,0,summer,2018/7/10,12:00:00,24.9,49
5,1,24,180,62,19.14,1.05,0.9,0.5,0,summer,2018/7/10,14:20:00,23.9,55
5,1,24,180,62,19.14,1.05,-0.3,0.7,0,summer,2018/7/10,14:30:00,24.4,55
5,1,24,180,62,19.14,1.05,0,2.2,0,summer,2018/7/10,15:00:00,26.2,54
5,1,24,180,62,19.14,1.05,0.3,1,0,summer,2018/7/10,15:30:00,27.4,55
5,1,24,180,62,19.14,1.05,0.1,1.7,0,summer,2018/7/10,16:00:00,27.3,58
5,1,24,180,62,19.14,1.05,0.3,1.6,0,summer,2018/7/10,16:30:00,27.7,59
5,1,24,180,62,19.14,1.05,0,2,0,summer,2018/7/10,17:00:00,28.1,57
5,1,24,180,62,19.14,1.05,0,1.7,0,summer,2018/7/10,17:30:00,28.3,58
5,1,24,180,62,19.14,1.05,1.2,1.6,0,summer,2018/7/11,8:50:00,27.1,58
5,1,24,180,62,19.14,1.05,0.4,1.5,0,summer,2018/7/11,9:00:00,26.9,60
5,1,24,180,62,19.14,1.05,0.1,0.7,0,summer,2018/7/11,9:30:00,27.6,58
5,1,24,180,62,19.14,1.05,-0.3,0.7,0,summer,2018/7/11,10:00:00,26,53
5,1,24,180,62,19.14,1.05,0.1,1.2,0,summer,2018/7/11,10:30:00,24.8,52
5,1,24,180,62,19.14,1.05,0.2,1.3,0,summer,2018/7/11,11:00:00,25.5,49
5,1,24,180,62,19.14,1.05,0,1.6,0,summer,2018/7/11,11:30:00,24.9,53
5,1,24,180,62,19.14,1.05,-0.2,1.3,0,summer,2018/7/11,12:00:00,24.7,49
5,1,24,180,62,19.14,1.05,-0.2,1,0,summer,2018/7/11,14:20:00,23.8,55
5,1,24,180,62,19.14,1.05,-0.1,1.6,0,summer,2018/7/11,14:30:00,24.3,56
5,1,24,180,62,19.14,1.05,0,1.7,0,summer,2018/7/11,15:00:00,24.8,51
5,1,24,180,62,19.14,1.05,0.1,2.2,0,summer,2018/7/11,15:30:00,25.4,51
5,1,24,180,62,19.14,1.05,0,2.4,0,summer,2018/7/11,16:00:00,26.2,52
5,1,24,180,62,19.14,1.05,0.2,1.8,0,summer,2018/7/11,16:30:00,26.7,52
5,1,24,180,62,19.14,1.05,0,2.3,0,summer,2018/7/11,17:00:00,27.3,53
5,1,24,180,62,19.14,1.05,0.3,2.3,0,summer,2018/7/11,17:30:00,28,52
5,1,24,180,62,19.14,1.05,0.7,0.7,0,summer,2018/7/12,8:50:00,23.3,56
5,1,24,180,62,19.14,1.05,0.4,0.5,0,summer,2018/7/12,9:00:00,23.5,55
5,1,24,180,62,19.14,1.05,-0.6,1.3,0,summer,2018/7/12,9:30:00,24.2,54
5,1,24,180,62,19.14,1.05,-0.2,1.7,0,summer,2018/7/12,10:00:00,26.1,52
5,1,24,180,62,19.14,1.05,0,1.7,0,summer,2018/7/12,10:30:00,26.5,53
5,1,24,180,62,19.14,1.05,0,2.2,0,summer,2018/7/12,11:00:00,26.9,54
5,1,24,180,62,19.14,1.05,0.1,2.2,0,summer,2018/7/12,11:30:00,27,55
5,1,24,180,62,19.14,1.05,0.2,2.2,0,summer,2018/7/12,12:00:00,27.1,55
5,1,24,180,62,19.14,1.05,0.6,0,0,summer,2018/7/12,14:20:00,26.6,56
5,1,24,180,62,19.14,1.05,0.8,0.7,0,summer,2018/7/12,14:30:00,26.1,54
5,1,24,180,62,19.14,1.05,-0.2,1.6,0,summer,2018/7/12,15:00:00,23.7,49
5,1,24,180,62,19.14,1.05,0.6,0.3,0,summer,2018/7/12,15:30:00,24.3,53
5,1,24,180,62,19.14,1.05,0.3,1.3,0,summer,2018/7/12,16:00:00,24.6,49
5,1,24,180,62,19.14,1.05,-0.2,1.7,0,summer,2018/7/12,16:30:00,24.7,53
5,1,24,180,62,19.14,1.05,0.1,2.2,0,summer,2018/7/12,17:00:00,25.2,64
5,1,24,180,62,19.14,1.05,0.1,2.2,0,summer,2018/7/12,17:30:00,25.2,64
5,1,24,180,62,19.14,1.05,0.7,-0.7,0,summer,2018/7/13,8:50:00,27.2,58
5,1,24,180,62,19.14,1.05,1.1,-0.6,0,summer,2018/7/13,9:00:00,27,59
5,1,24,180,62,19.14,1.05,-0.1,0.7,0,summer,2018/7/13,9:30:00,25.8,57
5,1,24,180,62,19.14,1.05,-0.4,1.7,0,summer,2018/7/13,10:00:00,25.3,51
5,1,24,180,62,19.14,1.05,-0.6,1.6,0,summer,2018/7/13,10:30:00,24.3,48
5,1,24,180,62,19.14,1.05,-0.4,1.7,0,summer,2018/7/13,11:00:00,24.9,52
5,1,24,180,62,19.14,1.05,-0.3,2.1,0,summer,2018/7/13,11:30:00,25.3,55
5,1,24,180,62,19.14,1.05,-0.1,2.2,0,summer,2018/7/13,12:00:00,25.4,54
5,1,24,180,62,19.14,1.05,2,-1.2,0,summer,2018/7/13,14:20:00,25.5,63
5,1,24,180,62,19.14,1.05,0.8,0.3,0,summer,2018/7/13,14:30:00,25.7,58
5,1,24,180,62,19.14,1.05,0.3,1.6,0,summer,2018/7/13,15:00:00,25.3,50
5,1,24,180,62,19.14,1.05,0.3,1.6,0,summer,2018/7/13,15:30:00,25.3,50
5,1,24,180,62,19.14,1.05,0.6,0.8,0,summer,2018/7/13,16:00:00,25.2,47
5,1,24,180,62,19.14,1.05,0.4,1.7,0,summer,2018/7/13,16:30:00,27.2,48
5,1,24,180,62,19.14,1.05,0.4,1.7,0,summer,2018/7/13,17:00:00,27.2,48
5,1,24,180,62,19.14,1.05,0.4,1.7,0,summer,2018/7/13,17:30:00,27.2,48
5,1,24,180,62,19.14,1.05,3,-2.7,0,summer,2018/7/16,8:50:00,28.7,53
5,1,24,180,62,19.14,1.05,3,-2.7,0,summer,2018/7/16,9:00:00,28.7,53
5,1,24,180,62,19.14,1.05,3,-2.7,0,summer,2018/7/16,9:30:00,28.7,53
5,1,24,180,62,19.14,1.05,3,-2.7,0,summer,2018/7/16,10:00:00,28.7,53
5,1,24,180,62,19.14,1.05,0.9,-0.2,0,summer,2018/7/16,10:30:00,25.3,52
5,1,24,180,62,19.14,1.05,0.9,-0.2,0,summer,2018/7/16,11:00:00,25.3,52
5,1,24,180,62,19.14,1.05,0.9,-0.2,0,summer,2018/7/16,11:30:00,25.3,52
5,1,24,180,62,19.14,1.05,0.9,-0.2,0,summer,2018/7/16,12:00:00,25.3,52
5,1,24,180,62,19.14,1.05,2.6,-2.2,0,summer,2018/7/16,14:20:00,24.9,54
5,1,24,180,62,19.14,1.05,0.9,0.7,0,summer,2018/7/16,14:30:00,24.9,54
5,1,24,180,62,19.14,1.05,0,1.6,0,summer,2018/7/16,15:00:00,25.5,52
5,1,24,180,62,19.14,1.05,0,2.3,0,summer,2018/7/16,15:30:00,25.6,52
5,1,24,180,62,19.14,1.05,0.1,1.8,1,summer,2018/7/16,16:00:00,25.6,49
5,1,24,180,62,19.14,1.05,-1.4,0,1,summer,2018/7/16,16:30:00,24.6,49
5,1,24,180,62,19.14,1.05,-2,-1.8,1,summer,2018/7/16,17:00:00,23.7,50
5,1,24,180,62,19.14,1.05,-2,-1.9,1,summer,2018/7/16,17:30:00,23.1,52
5,1,24,180,62,19.14,1.05,-2.2,-2.2,1,summer,2018/7/16,18:00:00,22.8,51
5,1,24,180,62,19.14,1.05,0.8,0.6,0,summer,2018/7/17,8:50:00,23.1,54
5,1,24,180,62,19.14,1.05,0.3,0.6,0,summer,2018/7/17,9:00:00,23.4,53
5,1,24,180,62,19.14,1.05,0.1,1.3,0,summer,2018/7/17,9:30:00,24.7,54
5,1,24,180,62,19.14,1.05,0.3,2.3,0,summer,2018/7/17,10:00:00,25.9,57
5,1,24,180,62,19.14,1.05,0.8,0.9,0,summer,2018/7/17,10:30:00,26.6,60
5,1,24,180,62,19.14,1.05,0.4,0.6,0,summer,2018/7/17,11:00:00,27.1,59
5,1,24,180,62,19.14,1.05,0.9,1.2,0,summer,2018/7/17,11:30:00,27,60
5,1,24,180,62,19.14,1.05,0.3,2.3,0,summer,2018/7/17,12:00:00,27.6,60
5,1,24,180,62,19.14,1.05,1.2,-0.7,0,summer,2018/7/17,14:20:00,28.4,61
5,1,24,180,62,19.14,1.05,1.4,-0.7,0,summer,2018/7/17,14:30:00,28.4,62
5,1,24,180,62,19.14,1.05,0.6,0.7,1,summer,2018/7/17,15:00:00,26.7,49
5,1,24,180,62,19.14,1.05,-1,-0.5,1,summer,2018/7/17,15:30:00,24.8,48
5,1,24,180,62,19.14,1.05,-1.2,-0.7,1,summer,2018/7/17,16:00:00,24.5,50
5,1,24,180,62,19.14,1.05,-1.2,-0.7,1,summer,2018/7/17,16:30:00,24.9,52
5,1,24,180,62,19.14,1.05,0.1,2.6,0,summer,2018/7/17,17:00:00,28.3,49
5,1,24,180,62,19.14,1.05,0.2,1.6,0,summer,2018/7/17,17:30:00,29.3,48
5,1,24,180,62,19.14,1.05,3,-3,0,summer,2018/7/18,8:50:00,29.1,60
5,1,24,180,62,19.14,1.05,3,-3,1,summer,2018/7/18,9:00:00,28.3,56
5,1,24,180,62,19.14,1.05,-0.3,1,1,summer,2018/7/18,9:30:00,25.4,48
5,1,24,180,62,19.14,1.05,-0.3,1,1,summer,2018/7/18,10:00:00,24.2,48
5,1,24,180,62,19.14,1.05,-1.3,-1,1,summer,2018/7/18,10:30:00,23.9,50
5,1,24,180,62,19.14,1.05,-1.5,-2,1,summer,2018/7/18,11:00:00,23.7,49
5,1,24,180,62,19.14,1.05,-1.5,-1.5,1,summer,2018/7/18,11:30:00,23.6,50
5,1,24,180,62,19.14,1.05,-1,-1,1,summer,2018/7/18,12:00:00,23.7,51
5,1,24,180,62,19.14,1.05,1.5,-2,0,summer,2018/7/18,14:20:00,28,47
5,1,24,180,62,19.14,1.05,1.5,-1,0,summer,2018/7/18,14:30:00,28.1,48
5,1,24,180,62,19.14,1.05,1.5,-1,0,summer,2018/7/18,15:00:00,28.9,48
5,1,24,180,62,19.14,1.05,2.5,-2,0,summer,2018/7/18,15:30:00,29.3,47
5,1,24,180,62,19.14,1.05,0,2,1,summer,2018/7/18,16:00:00,26.6,42
5,1,24,180,62,19.14,1.05,-0.2,1,1,summer,2018/7/18,16:30:00,25.9,42
5,1,24,180,62,19.14,1.05,-1,-1,1,summer,2018/7/18,17:00:00,25.5,44
5,1,24,180,62,19.14,1.05,0,2,0,summer,2018/7/18,17:30:00,26.9,45
5,1,24,180,62,19.14,1.05,0,2,0,summer,2018/7/19,8:50:00,26.9,45
5,1,24,180,62,19.14,1.05,0,2,0,summer,2018/7/19,9:00:00,26.9,45
5,1,24,180,62,19.14,1.05,0,2,1,summer,2018/7/19,9:30:00,26.9,45
5,1,24,180,62,19.14,1.05,0,2,1,summer,2018/7/19,10:00:00,26.9,45
5,1,24,180,62,19.14,1.05,0,2,1,summer,2018/7/19,10:30:00,26.9,45
5,1,24,180,62,19.14,1.05,0,2,1,summer,2018/7/19,11:00:00,26.9,45
5,1,24,180,62,19.14,1.05,0,2,1,summer,2018/7/19,11:30:00,26.9,45
5,1,24,180,62,19.14,1.05,0,2,1,summer,2018/7/19,12:00:00,26.9,45
5,1,24,180,62,19.14,1.05,2,-2,0,summer,2018/7/19,14:20:00,29.3,52
5,1,24,180,62,19.14,1.05,2.4,-3,0,summer,2018/7/19,14:30:00,29.6,52
5,1,24,180,62,19.14,1.05,0.5,2,1,summer,2018/7/19,15:00:00,25.6,43
5,1,24,180,62,19.14,1.05,0,2,1,summer,2018/7/19,15:30:00,25.2,43
5,1,24,180,62,19.14,1.05,0,1,1,summer,2018/7/19,16:00:00,25,45
5,1,24,180,62,19.14,1.05,-1,-1,1,summer,2018/7/19,16:30:00,24.9,48
5,1,24,180,62,19.14,1.05,0,2,1,summer,2018/7/19,17:00:00,25.2,45
5,1,24,180,62,19.14,1.05,-0.5,0,1,summer,2018/7/19,17:30:00,24.8,45
5,1,24,180,62,19.14,1.05,3,-3,0,summer,2018/7/20,8:50:00,29.1,56
5,1,24,180,62,19.14,1.05,3,-3,0,summer,2018/7/20,9:00:00,29.5,58
5,1,24,180,62,19.14,1.05,0.5,2,0,summer,2018/7/20,9:30:00,27.7,52
5,1,24,180,62,19.14,1.05,0,2,0,summer,2018/7/20,10:00:00,27.1,48
5,1,24,180,62,19.14,1.05,0,2,0,summer,2018/7/20,10:30:00,27.1,48
5,1,24,180,62,19.14,1.05,0,2,0,summer,2018/7/20,11:00:00,27.1,48
5,1,24,180,62,19.14,1.05,0,2,0,summer,2018/7/20,11:30:00,27.1,48
5,1,24,180,62,19.14,1.05,0,2,0,summer,2018/7/20,12:00:00,27.1,48
5,1,24,180,62,19.14,1.05,0,2,0,summer,2018/7/20,14:20:00,27.1,48
5,1,24,180,62,19.14,1.05,0,2,0,summer,2018/7/20,14:30:00,27.1,48
5,1,24,180,62,19.14,1.05,0,2,0,summer,2018/7/20,15:00:00,27.1,48
5,1,24,180,62,19.14,1.05,0,2,1,summer,2018/7/20,15:30:00,27.1,48
5,1,24,180,62,19.14,1.05,0,2,1,summer,2018/7/20,16:00:00,27.1,48
5,1,24,180,62,19.14,1.05,0,2,1,summer,2018/7/20,16:30:00,27.1,48
5,1,24,180,62,19.14,1.05,0,2,1,summer,2018/7/20,17:00:00,27.1,48
5,1,24,180,62,19.14,1.05,0,2,1,summer,2018/7/20,17:30:00,27.1,48
5,1,24,180,62,19.14,1.05,0,2,1,summer,2018/7/21,8:50:00,27.1,48
5,1,24,180,62,19.14,1.05,1,-1,0,summer,2018/7/21,9:00:00,27.5,55
5,1,24,180,62,19.14,1.05,0,1,0,summer,2018/7/21,9:30:00,26,50
5,1,24,180,62,19.14,1.05,0,2,0,summer,2018/7/21,10:00:00,25.3,48
5,1,24,180,62,19.14,1.05,0,2,0,summer,2018/7/21,10:30:00,25.7,48
5,1,24,180,62,19.14,1.05,0,2,0,summer,2018/7/21,11:00:00,25.5,47
5,1,24,180,62,19.14,1.05,0,3,0,summer,2018/7/21,11:30:00,25.5,46
5,1,24,180,62,19.14,1.05,0,3,0,summer,2018/7/21,12:00:00,25.4,47
5,1,24,180,62,19.14,1.05,-0.5,2,0,summer,2018/7/21,14:20:00,24.5,46
5,1,24,180,62,19.14,1.05,-0.5,2,0,summer,2018/7/21,14:30:00,24.5,46
5,1,24,180,62,19.14,1.05,0,2,0,summer,2018/7/21,15:00:00,24.5,46
5,1,24,180,62,19.14,1.05,-0.5,-0.5,1,summer,2018/7/21,15:30:00,24.3,47
5,1,24,180,62,19.14,1.05,-1.5,-2,1,summer,2018/7/21,16:00:00,22.7,49
5,1,24,180,62,19.14,1.05,-0.5,2,0,summer,2018/7/21,16:30:00,25.8,43
5,1,24,180,62,19.14,1.05,-0.5,1.5,0,summer,2018/7/21,17:00:00,26.3,44
5,1,24,180,62,19.14,1.05,0,2,0,summer,2018/7/21,17:30:00,26.3,43
6,1,24,180,62,19.14,1.56,0,2,0,summer,2018/7/11,9:00:00,26.3,43
6,1,24,180,62,19.14,1.56,0,2.5,0,summer,2018/7/11,9:30:00,25.4,54
6,1,24,180,62,19.14,1.56,-0.3,2,0,summer,2018/7/11,10:00:00,25.1,54
6,1,24,180,62,19.14,1.56,-0.5,1.7,0,summer,2018/7/11,10:30:00,25,55
6,1,24,180,62,19.14,1.56,-1,1,0,summer,2018/7/11,11:00:00,25,52
6,1,24,180,62,19.14,1.56,-1,1,0,summer,2018/7/11,11:30:00,24.7,52
6,1,24,180,62,19.14,1.56,0,2.5,0,summer,2018/7/11,12:00:00,26.5,52
6,1,24,180,62,19.14,1.56,0,2.5,0,summer,2018/7/11,14:20:00,26.8,56
6,1,24,180,62,19.14,1.56,0,2.5,0,summer,2018/7/11,14:30:00,26.8,56
6,1,24,180,62,19.14,1.56,-0.5,2,0,summer,2018/7/11,15:00:00,25.5,53
6,1,24,180,62,19.14,1.56,-0.5,1.5,0,summer,2018/7/11,15:30:00,25,52
6,1,24,180,62,19.14,1.56,-0.7,1,0,summer,2018/7/11,16:00:00,24.8,54
6,1,24,180,62,19.14,1.56,-1,0.5,0,summer,2018/7/11,16:30:00,24.7,50
6,1,24,180,62,19.14,1.56,0,2.5,0,summer,2018/7/11,17:00:00,26.2,53
6,1,24,180,62,19.14,1.56,0,2.5,0,summer,2018/7/11,17:30:00,26.7,55
6,1,24,180,62,19.14,1.56,0,2.3,0,summer,2018/7/12,8:50:00,26,60
6,1,24,180,62,19.14,1.56,0,2.2,0,summer,2018/7/12,9:00:00,26.1,60
6,1,24,180,62,19.14,1.56,-0.1,1.5,0,summer,2018/7/12,9:30:00,24.8,56
6,1,24,180,62,19.14,1.56,-0.5,1.3,0,summer,2018/7/12,10:00:00,24.7,53
6,1,24,180,62,19.14,1.56,-0.5,1.3,0,summer,2018/7/12,10:30:00,24.6,54
6,1,24,180,62,19.14,1.56,-0.5,0.5,0,summer,2018/7/12,11:00:00,24.5,51
6,1,24,180,62,19.14,1.56,-1.3,0.5,0,summer,2018/7/12,11:30:00,24.6,54
6,1,24,180,62,19.14,1.56,-1.5,-0.5,0,summer,2018/7/12,12:00:00,24.2,49
6,1,24,180,62,19.14,1.56,-0.3,2,0,summer,2018/7/12,14:20:00,26.4,56
6,1,24,180,62,19.14,1.56,-0.3,2,0,summer,2018/7/12,14:30:00,26.3,54
6,1,24,180,62,19.14,1.56,-0.3,2.3,0,summer,2018/7/12,15:00:00,26.4,52
6,1,24,180,62,19.14,1.56,-1,1,0,summer,2018/7/12,15:30:00,24.5,51
6,1,24,180,62,19.14,1.56,-1.5,0.5,0,summer,2018/7/12,16:00:00,24,52
6,1,24,180,62,19.14,1.56,-0.3,1.7,0,summer,2018/7/12,16:30:00,25.5,55
6,1,24,180,62,19.14,1.56,0,2,0,summer,2018/7/12,17:00:00,26,56
6,1,24,180,62,19.14,1.56,0,2,0,summer,2018/7/12,17:30:00,26.2,56
6,1,24,180,62,19.14,1.56,-2,-0.5,0,summer,2018/7/13,8:50:00,23.1,63
6,1,24,180,62,19.14,1.56,-0.5,-0.3,0,summer,2018/7/13,9:00:00,23.5,62
6,1,24,180,62,19.14,1.56,0,2.5,0,summer,2018/7/13,9:30:00,25.3,62
6,1,24,180,62,19.14,1.56,0,2.5,0,summer,2018/7/13,10:00:00,25.8,62
6,1,24,180,62,19.14,1.56,0,2.5,0,summer,2018/7/13,10:30:00,26.2,61
6,1,24,180,62,19.14,1.56,0,2.4,0,summer,2018/7/13,11:00:00,26.6,60
6,1,24,180,62,19.14,1.56,0,2.8,0,summer,2018/7/13,11:30:00,26.7,60
6,1,24,180,62,19.14,1.56,-0.2,1.7,0,summer,2018/7/13,12:00:00,25.2,54
6,1,24,180,62,19.14,1.56,-0.3,2,0,summer,2018/7/13,14:20:00,24.3,57
6,1,24,180,62,19.14,1.56,0,2,0,summer,2018/7/13,14:30:00,24.6,54
6,1,24,180,62,19.14,1.56,-0.2,2,0,summer,2018/7/13,15:00:00,25,52
6,1,24,180,62,19.14,1.56,-0.3,2,0,summer,2018/7/13,15:30:00,25.2,52
6,1,24,180,62,19.14,1.56,0,2.5,0,summer,2018/7/13,16:00:00,25.5,51
6,1,24,180,62,19.14,1.56,0,2.3,0,summer,2018/7/13,16:30:00,25.4,53
6,1,24,180,62,19.14,1.56,-0.3,1.5,0,summer,2018/7/13,17:00:00,25.2,53
6,1,24,180,62,19.14,1.56,-0.2,1.7,0,summer,2018/7/13,17:30:00,25.2,54
6,1,24,180,62,19.14,1.56,-1.5,-0.5,0,summer,2018/7/14,8:50:00,22.5,62
6,1,24,180,62,19.14,1.56,-1,-0.3,0,summer,2018/7/14,9:00:00,23,66
6,1,24,180,62,19.14,1.56,0,2.5,0,summer,2018/7/14,9:30:00,24.7,67
6,1,24,180,62,19.14,1.56,0,2.5,0,summer,2018/7/14,10:00:00,25.5,65
6,1,24,180,62,19.14,1.56,0,2.5,0,summer,2018/7/14,10:30:00,26,65
6,1,24,180,62,19.14,1.56,0.2,2,0,summer,2018/7/14,11:00:00,26.5,66
6,1,24,180,62,19.14,1.56,-1,1.3,0,summer,2018/7/14,11:30:00,24.9,54
6,1,24,180,62,19.14,1.56,-1,0.5,0,summer,2018/7/14,12:00:00,24.7,53
6,1,24,180,62,19.14,1.56,-1,0.5,0,summer,2018/7/14,14:20:00,23.9,58
6,1,24,180,62,19.14,1.56,-1,0.5,0,summer,2018/7/14,14:30:00,24,58
6,1,24,180,62,19.14,1.56,0,2,0,summer,2018/7/14,15:00:00,25.6,56
6,1,24,180,62,19.14,1.56,0,2.5,0,summer,2018/7/14,15:30:00,26.3,54
6,1,24,180,62,19.14,1.56,0,2.5,0,summer,2018/7/14,16:00:00,26.9,52
6,1,24,180,62,19.14,1.56,0.5,2.3,0,summer,2018/7/14,16:30:00,27.3,51
6,1,24,180,62,19.14,1.56,0,2.5,0,summer,2018/7/14,17:00:00,26,48
6,1,24,180,62,19.14,1.56,0,2.5,0,summer,2018/7/14,17:30:00,25.8,48
6,1,24,180,62,19.14,1.56,1.5,0,0,summer,2018/7/15,8:50:00,28.2,60
6,1,24,180,62,19.14,1.56,1.5,0,0,summer,2018/7/15,9:00:00,28.2,61
6,1,24,180,62,19.14,1.56,0,1.3,0,summer,2018/7/15,9:30:00,27,53
6,1,24,180,62,19.14,1.56,0,2.5,0,summer,2018/7/15,10:00:00,26.7,53
6,1,24,180,62,19.14,1.56,0,2.5,0,summer,2018/7/15,10:30:00,26.4,51
6,1,24,180,62,19.14,1.56,0,2.5,0,summer,2018/7/15,11:00:00,26,45
6,1,24,180,62,19.14,1.56,0,2.5,0,summer,2018/7/15,11:30:00,27.3,49
6,1,24,180,62,19.14,1.56,0,2.5,0,summer,2018/7/15,12:00:00,27.5,50
6,1,24,180,62,19.14,1.56,0.2,2.3,0,summer,2018/7/15,14:20:00,27.6,51
6,1,24,180,62,19.14,1.56,0.3,2,0,summer,2018/7/15,14:30:00,27.7,51
6,1,24,180,62,19.14,1.56,0.2,2,0,summer,2018/7/15,15:00:00,28,52
6,1,24,180,62,19.14,1.56,0.3,2,0,summer,2018/7/15,15:30:00,28.3,51
6,1,24,180,62,19.14,1.56,-0.7,1.5,0,summer,2018/7/15,16:00:00,27,47
6,1,24,180,62,19.14,1.56,-0.2,2,0,summer,2018/7/15,16:30:00,26.8,50
6,1,24,180,62,19.14,1.56,-1,0,0,summer,2018/7/15,17:00:00,26.6,47
6,1,24,180,62,19.14,1.56,-0.7,2,0,summer,2018/7/15,17:30:00,26.7,49
6,1,24,180,62,19.14,1.56,2,-1,0,summer,2018/7/16,8:50:00,28.9,56
6,1,24,180,62,19.14,1.56,2,-1,0,summer,2018/7/16,9:00:00,28.8,58
6,1,24,180,62,19.14,1.56,0,2.5,0,summer,2018/7/16,9:30:00,27.3,50
6,1,24,180,62,19.14,1.56,0,2.5,0,summer,2018/7/16,10:00:00,26.8,46
6,1,24,180,62,19.14,1.56,-0.3,2.5,0,summer,2018/7/16,10:30:00,26.7,47
6,1,24,180,62,19.14,1.56,-0.5,2.5,0,summer,2018/7/16,11:00:00,25.8,52
