ta,hr,season
18.0,10,1
18.2,10,1
18.4,10,1
18.599999999999998,10,1
18.799999999999997,10,1
18.999999999999996,10,1
19.199999999999996,10,1
19.399999999999995,10,1
19.599999999999994,10,1
19.799999999999994,10,1
19.999999999999993,10,1
20.199999999999992,10,1
20.39999999999999,10,1
20.59999999999999,10,1
20.79999999999999,10,1
20.99999999999999,10,1
21.19999999999999,10,1
21.399999999999988,10,1
21.599999999999987,10,1
21.799999999999986,10,1
21.999999999999986,10,1
22.199999999999985,10,1
22.399999999999984,10,1
22.599999999999984,10,1
22.799999999999983,10,1
22.999999999999982,10,1
23.19999999999998,10,1
23.39999999999998,10,1
23.59999999999998,10,1
23.79999999999998,10,1
23.99999999999998,10,1
24.199999999999978,10,1
24.399999999999977,10,1
24.599999999999977,10,1
24.799999999999976,10,1
24.999999999999975,10,1
25.199999999999974,10,1
25.399999999999974,10,1
25.599999999999973,10,1
25.799999999999972,10,1
25.99999999999997,10,1
26.19999999999997,10,1
26.39999999999997,10,1
26.59999999999997,10,1
26.79999999999997,10,1
26.999999999999968,10,1
27.199999999999967,10,1
27.399999999999967,10,1
27.599999999999966,10,1
27.799999999999965,10,1
18.0,11,1
18.2,11,1
18.4,11,1
18.599999999999998,11,1
18.799999999999997,11,1
18.999999999999996,11,1
19.199999999999996,11,1
19.399999999999995,11,1
19.599999999999994,11,1
19.799999999999994,11,1
19.999999999999993,11,1
20.199999999999992,11,1
20.39999999999999,11,1
20.59999999999999,11,1
20.79999999999999,11,1
20.99999999999999,11,1
21.19999999999999,11,1
21.399999999999988,11,1
21.599999999999987,11,1
21.799999999999986,11,1
21.999999999999986,11,1
22.199999999999985,11,1
22.399999999999984,11,1
22.599999999999984,11,1
22.799999999999983,11,1
22.999999999999982,11,1
23.19999999999998,11,1
23.39999999999998,11,1
23.59999999999998,11,1
23.79999999999998,11,1
23.99999999999998,11,1
24.199999999999978,11,1
24.399999999999977,11,1
24.599999999999977,11,1
24.799999999999976,11,1
24.999999999999975,11,1
25.199999999999974,11,1
25.399999999999974,11,1
25.599999999999973,11,1
25.799999999999972,11,1
25.99999999999997,11,1
26.19999999999997,11,1
26.39999999999997,11,1
26.59999999999997,11,1
26.79999999999997,11,1
26.999999999999968,11,1
27.199999999999967,11,1
27.399999999999967,11,1
27.599999999999966,11,1
27.799999999999965,11,1
18.0,12,1
18.2,12,1
18.4,12,1
18.599999999999998,12,1
18.799999999999997,12,1
18.999999999999996,12,1
19.199999999999996,12,1
19.399999999999995,12,1
19.599999999999994,12,1
19.799999999999994,12,1
19.999999999999993,12,1
20.199999999999992,12,1
20.39999999999999,12,1
20.59999999999999,12,1
20.79999999999999,12,1
20.99999999999999,12,1
21.19999999999999,12,1
21.399999999999988,12,1
21.599999999999987,12,1
21.799999999999986,12,1
21.999999999999986,12,1
22.199999999999985,12,1
22.399999999999984,12,1
22.599999999999984,12,1
22.799999999999983,12,1
22.999999999999982,12,1
23.19999999999998,12,1
23.39999999999998,12,1
23.59999999999998,12,1
23.79999999999998,12,1
23.99999999999998,12,1
24.199999999999978,12,1
24.399999999999977,12,1
24.599999999999977,12,1
24.799999999999976,12,1
24.999999999999975,12,1
25.199999999999974,12,1
25.399999999999974,12,1
25.599999999999973,12,1
25.799999999999972,12,1
25.99999999999997,12,1
26.19999999999997,12,1
26.39999999999997,12,1
26.59999999999997,12,1
26.79999999999997,12,1
26.999999999999968,12,1
27.199999999999967,12,1
27.399999999999967,12,1
27.599999999999966,12,1
27.799999999999965,12,1
18.0,13,1
18.2,13,1
18.4,13,1
18.599999999999998,13,1
18.799999999999997,13,1
18.999999999999996,13,1
19.199999999999996,13,1
19.399999999999995,13,1
19.599999999999994,13,1
19.799999999999994,13,1
19.999999999999993,13,1
20.199999999999992,13,1
20.39999999999999,13,1
20.59999999999999,13,1
20.79999999999999,13,1
20.99999999999999,13,1
21.19999999999999,13,1
21.399999999999988,13,1
21.599999999999987,13,1
21.799999999999986,13,1
21.999999999999986,13,1
22.199999999999985,13,1
22.399999999999984,13,1
22.599999999999984,13,1
22.799999999999983,13,1
22.999999999999982,13,1
23.19999999999998,13,1
23.39999999999998,13,1
23.59999999999998,13,1
23.79999999999998,13,1
23.99999999999998,13,1
24.199999999999978,13,1
24.399999999999977,13,1
24.599999999999977,13,1
24.799999999999976,13,1
24.999999999999975,13,1
25.199999999999974,13,1
25.399999999999974,13,1
25.599999999999973,13,1
25.799999999999972,13,1
25.99999999999997,13,1
26.19999999999997,13,1
26.39999999999997,13,1
26.59999999999997,13,1
26.79999999999997,13,1
26.999999999999968,13,1
27.199999999999967,13,1
27.399999999999967,13,1
27.599999999999966,13,1
27.799999999999965,13,1
18.0,14,1
18.2,14,1
18.4,14,1
18.599999999999998,14,1
18.799999999999997,14,1
18.999999999999996,14,1
19.199999999999996,14,1
19.399999999999995,14,1
19.599999999999994,14,1
19.799999999999994,14,1
19.999999999999993,14,1
20.199999999999992,14,1
20.39999999999999,14,1
20.59999999999999,14,1
20.79999999999999,14,1
20.99999999999999,14,1
21.19999999999999,14,1
21.399999999999988,14,1
21.599999999999987,14,1
21.799999999999986,14,1
21.999999999999986,14,1
22.199999999999985,14,1
22.399999999999984,14,1
22.599999999999984,14,1
22.799999999999983,14,1
22.999999999999982,14,1
23.19999999999998,14,1
23.39999999999998,14,1
23.59999999999998,14,1
23.79999999999998,14,1
23.99999999999998,14,1
24.199999999999978,14,1
24.399999999999977,14,1
24.599999999999977,14,1
24.799999999999976,14,1
24.999999999999975,14,1
25.199999999999974,14,1
25.399999999999974,14,1
25.599999999999973,14,1
25.799999999999972,14,1
25.99999999999997,14,1
26.19999999999997,14,1
26.39999999999997,14,1
26.59999999999997,14,1
26.79999999999997,14,1
26.999999999999968,14,1
27.199999999999967,14,1
27.399999999999967,14,1
27.599999999999966,14,1
27.799999999999965,14,1
18.0,15,1
18.2,15,1
18.4,15,1
18.599999999999998,15,1
18.799999999999997,15,1
18.999999999999996,15,1
19.199999999999996,15,1
19.399999999999995,15,1
19.599999999999994,15,1
19.799999999999994,15,1
19.999999999999993,15,1
20.199999999999992,15,1
20.39999999999999,15,1
20.59999999999999,15,1
20.79999999999999,15,1
20.99999999999999,15,1
21.19999999999999,15,1
21.399999999999988,15,1
21.599999999999987,15,1
21.799999999999986,15,1
21.999999999999986,15,1
22.199999999999985,15,1
22.399999999999984,15,1
22.599999999999984,15,1
22.799999999999983,15,1
22.999999999999982,15,1
23.19999999999998,15,1
23.39999999999998,15,1
23.59999999999998,15,1
23.79999999999998,15,1
23.99999999999998,15,1
24.199999999999978,15,1
24.399999999999977,15,1
24.599999999999977,15,1
24.799999999999976,15,1
24.999999999999975,15,1
25.199999999999974,15,1
25.399999999999974,15,1
25.599999999999973,15,1
25.799999999999972,15,1
25.99999999999997,15,1
26.19999999999997,15,1
26.39999999999997,15,1
26.59999999999997,15,1
26.79999999999997,15,1
26.999999999999968,15,1
27.199999999999967,15,1
27.399999999999967,15,1
27.599999999999966,15,1
27.799999999999965,15,1
18.0,16,1
18.2,16,1
18.4,16,1
18.599999999999998,16,1
18.799999999999997,16,1
18.999999999999996,16,1
19.199999999999996,16,1
19.399999999999995,16,1
19.599999999999994,16,1
19.799999999999994,16,1
19.999999999999993,16,1
20.199999999999992,16,1
20.39999999999999,16,1
20.59999999999999,16,1
20.79999999999999,16,1
20.99999999999999,16,1
21.19999999999999,16,1
21.399999999999988,16,1
21.599999999999987,16,1
21.799999999999986,16,1
21.999999999999986,16,1
22.199999999999985,16,1
22.399999999999984,16,1
22.599999999999984,16,1
22.799999999999983,16,1
22.999999999999982,16,1
23.19999999999998,16,1
23.39999999999998,16,1
23.59999999999998,16,1
23.79999999999998,16,1
23.99999999999998,16,1
24.199999999999978,16,1
24.399999999999977,16,1
24.599999999999977,16,1
24.799999999999976,16,1
24.999999999999975,16,1
25.199999999999974,16,1
25.399999999999974,16,1
25.599999999999973,16,1
25.799999999999972,16,1
25.99999999999997,16,1
26.19999999999997,16,1
26.39999999999997,16,1
26.59999999999997,16,1
26.79999999999997,16,1
26.999999999999968,16,1
27.199999999999967,16,1
27.399999999999967,16,1
27.599999999999966,16,1
27.799999999999965,16,1
18.0,17,1
18.2,17,1
18.4,17,1
18.599999999999998,17,1
18.799999999999997,17,1
18.999999999999996,17,1
19.199999999999996,17,1
19.399999999999995,17,1
19.599999999999994,17,1
19.799999999999994,17,1
19.999999999999993,17,1
20.199999999999992,17,1
20.39999999999999,17,1
20.59999999999999,17,1
20.79999999999999,17,1
20.99999999999999,17,1
21.19999999999999,17,1
21.399999999999988,17,1
21.599999999999987,17,1
21.799999999999986,17,1
21.999999999999986,17,1
22.199999999999985,17,1
22.399999999999984,17,1
22.599999999999984,17,1
22.799999999999983,17,1
22.999999999999982,17,1
23.19999999999998,17,1
23.39999999999998,17,1
23.59999999999998,17,1
23.79999999999998,17,1
23.99999999999998,17,1
24.199999999999978,17,1
24.399999999999977,17,1
24.599999999999977,17,1
24.799999999999976,17,1
24.999999999999975,17,1
25.199999999999974,17,1
25.399999999999974,17,1
25.599999999999973,17,1
25.799999999999972,17,1
25.99999999999997,17,1
26.19999999999997,17,1
26.39999999999997,17,1
26.59999999999997,17,1
26.79999999999997,17,1
26.999999999999968,17,1
27.199999999999967,17,1
27.399999999999967,17,1
27.599999999999966,17,1
27.799999999999965,17,1
18.0,18,1
18.2,18,1
18.4,18,1
18.599999999999998,18,1
18.799999999999997,18,1
18.999999999999996,18,1
19.199999999999996,18,1
19.399999999999995,18,1
19.599999999999994,18,1
19.799999999999994,18,1
19.999999999999993,18,1
20.199999999999992,18,1
20.39999999999999,18,1
20.59999999999999,18,1
20.79999999999999,18,1
20.99999999999999,18,1
21.19999999999999,18,1
21.399999999999988,18,1
21.599999999999987,18,1
21.799999999999986,18,1
21.999999999999986,18,1
22.199999999999985,18,1
22.399999999999984,18,1
22.599999999999984,18,1
22.799999999999983,18,1
22.999999999999982,18,1
23.19999999999998,18,1
23.39999999999998,18,1
23.59999999999998,18,1
23.79999999999998,18,1
23.99999999999998,18,1
24.199999999999978,18,1
24.399999999999977,18,1
24.599999999999977,18,1
24.799999999999976,18,1
24.999999999999975,18,1
25.199999999999974,18,1
25.399999999999974,18,1
25.599999999999973,18,1
25.799999999999972,18,1
25.99999999999997,18,1
26.19999999999997,18,1
26.39999999999997,18,1
26.59999999999997,18,1
26.79999999999997,18,1
26.999999999999968,18,1
27.199999999999967,18,1
27.399999999999967,18,1
27.599999999999966,18,1
27.799999999999965,18,1
18.0,19,1
18.2,19,1
18.4,19,1
18.599999999999998,19,1
18.799999999999997,19,1
18.999999999999996,19,1
19.199999999999996,19,1
19.399999999999995,19,1
19.599999999999994,19,1
19.799999999999994,19,1
19.999999999999993,19,1
20.199999999999992,19,1
20.39999999999999,19,1
20.59999999999999,19,1
20.79999999999999,19,1
20.99999999999999,19,1
21.19999999999999,19,1
21.399999999999988,19,1
21.599999999999987,19,1
21.799999999999986,19,1
21.999999999999986,19,1
22.199999999999985,19,1
22.399999999999984,19,1
22.599999999999984,19,1
22.799999999999983,19,1
22.999999999999982,19,1
23.19999999999998,19,1
23.39999999999998,19,1
23.59999999999998,19,1
23.79999999999998,19,1
23.99999999999998,19,1
24.199999999999978,19,1
24.399999999999977,19,1
24.599999999999977,19,1
24.799999999999976,19,1
24.999999999999975,19,1
25.199999999999974,19,1
25.399999999999974,19,1
25.599999999999973,19,1
25.799999999999972,19,1
25.99999999999997,19,1
26.19999999999997,19,1
26.39999999999997,19,1
26.59999999999997,19,1
26.79999999999997,19,1
26.999999999999968,19,1
27.199999999999967,19,1
27.399999999999967,19,1
27.599999999999966,19,1
27.799999999999965,19,1
18.0,20,1
18.2,20,1
18.4,20,1
18.599999999999998,20,1
18.799999999999997,20,1
18.999999999999996,20,1
19.199999999999996,20,1
19.399999999999995,20,1
19.599999999999994,20,1
19.799999999999994,20,1
19.999999999999993,20,1
20.199999999999992,20,1
20.39999999999999,20,1
20.59999999999999,20,1
20.79999999999999,20,1
20.99999999999999,20,1
21.19999999999999,20,1
21.399999999999988,20,1
21.599999999999987,20,1
21.799999999999986,20,1
21.999999999999986,20,1
22.199999999999985,20,1
22.399999999999984,20,1
22.599999999999984,20,1
22.799999999999983,20,1
22.999999999999982,20,1
23.19999999999998,20,1
23.39999999999998,20,1
23.59999999999998,20,1
23.79999999999998,20,1
23.99999999999998,20,1
24.199999999999978,20,1
24.399999999999977,20,1
24.599999999999977,20,1
24.799999999999976,20,1
24.999999999999975,20,1
25.199999999999974,20,1
25.399999999999974,20,1
25.599999999999973,20,1
25.799999999999972,20,1
25.99999999999997,20,1
26.19999999999997,20,1
26.39999999999997,20,1
26.59999999999997,20,1
26.79999999999997,20,1
26.999999999999968,20,1
27.199999999999967,20,1
27.399999999999967,20,1
27.599999999999966,20,1
27.799999999999965,20,1
18.0,21,1
18.2,21,1
18.4,21,1
18.599999999999998,21,1
18.799999999999997,21,1
18.999999999999996,21,1
19.199999999999996,21,1
19.399999999999995,21,1
19.599999999999994,21,1
19.799999999999994,21,1
19.999999999999993,21,1
20.199999999999992,21,1
20.39999999999999,21,1
20.59999999999999,21,1
20.79999999999999,21,1
20.99999999999999,21,1
21.19999999999999,21,1
21.399999999999988,21,1
21.599999999999987,21,1
21.799999999999986,21,1
21.999999999999986,21,1
22.199999999999985,21,1
22.399999999999984,21,1
22.599999999999984,21,1
22.799999999999983,21,1
22.999999999999982,21,1
23.19999999999998,21,1
23.39999999999998,21,1
23.59999999999998,21,1
23.79999999999998,21,1
23.99999999999998,21,1
24.199999999999978,21,1
24.399999999999977,21,1
24.599999999999977,21,1
24.799999999999976,21,1
24.999999999999975,21,1
25.199999999999974,21,1
25.399999999999974,21,1
25.599999999999973,21,1
25.799999999999972,21,1
25.99999999999997,21,1
26.19999999999997,21,1
26.39999999999997,21,1
26.59999999999997,21,1
26.79999999999997,21,1
26.999999999999968,21,1
27.199999999999967,21,1
27.399999999999967,21,1
27.599999999999966,21,1
27.799999999999965,21,1
18.0,22,1
18.2,22,1
18.4,22,1
18.599999999999998,22,1
18.799999999999997,22,1
18.999999999999996,22,1
19.199999999999996,22,1
19.399999999999995,22,1
19.599999999999994,22,1
19.799999999999994,22,1
19.999999999999993,22,1
20.199999999999992,22,1
20.39999999999999,22,1
20.59999999999999,22,1
20.79999999999999,22,1
20.99999999999999,22,1
21.19999999999999,22,1
21.399999999999988,22,1
21.599999999999987,22,1
21.799999999999986,22,1
21.999999999999986,22,1
22.199999999999985,22,1
22.399999999999984,22,1
22.599999999999984,22,1
22.799999999999983,22,1
22.999999999999982,22,1
23.19999999999998,22,1
23.39999999999998,22,1
23.59999999999998,22,1
23.79999999999998,22,1
23.99999999999998,22,1
24.199999999999978,22,1
24.399999999999977,22,1
24.599999999999977,22,1
24.799999999999976,22,1
24.999999999999975,22,1
25.199999999999974,22,1
25.399999999999974,22,1
25.599999999999973,22,1
25.799999999999972,22,1
25.99999999999997,22,1
26.19999999999997,22,1
26.39999999999997,22,1
26.59999999999997,22,1
26.79999999999997,22,1
26.999999999999968,22,1
27.199999999999967,22,1
27.399999999999967,22,1
27.599999999999966,22,1
27.799999999999965,22,1
18.0,23,1
18.2,23,1
18.4,23,1
18.599999999999998,23,1
18.799999999999997,23,1
18.999999999999996,23,1
19.199999999999996,23,1
19.399999999999995,23,1
19.599999999999994,23,1
19.799999999999994,23,1
19.999999999999993,23,1
20.199999999999992,23,1
20.39999999999999,23,1
20.59999999999999,23,1
20.79999999999999,23,1
20.99999999999999,23,1
21.19999999999999,23,1
21.399999999999988,23,1
21.599999999999987,23,1
21.799999999999986,23,1
21.999999999999986,23,1
22.199999999999985,23,1
22.399999999999984,23,1
22.599999999999984,23,1
22.799999999999983,23,1
22.999999999999982,23,1
23.19999999999998,23,1
23.39999999999998,23,1
23.59999999999998,23,1
23.79999999999998,23,1
23.99999999999998,23,1
24.199999999999978,23,1
24.399999999999977,23,1
24.599999999999977,23,1
24.799999999999976,23,1
24.999999999999975,23,1
25.199999999999974,23,1
25.399999999999974,23,1
25.599999999999973,23,1
25.799999999999972,23,1
25.99999999999997,23,1
26.19999999999997,23,1
26.39999999999997,23,1
26.59999999999997,23,1
26.79999999999997,23,1
26.999999999999968,23,1
27.199999999999967,23,1
27.399999999999967,23,1
27.599999999999966,23,1
27.799999999999965,23,1
18.0,24,1
18.2,24,1
18.4,24,1
18.599999999999998,24,1
18.799999999999997,24,1
18.999999999999996,24,1
19.199999999999996,24,1
19.399999999999995,24,1
19.599999999999994,24,1
19.799999999999994,24,1
19.999999999999993,24,1
20.199999999999992,24,1
20.39999999999999,24,1
20.59999999999999,24,1
20.79999999999999,24,1
20.99999999999999,24,1
21.19999999999999,24,1
21.399999999999988,24,1
21.599999999999987,24,1
21.799999999999986,24,1
21.999999999999986,24,1
22.199999999999985,24,1
22.399999999999984,24,1
22.599999999999984,24,1
22.799999999999983,24,1
22.999999999999982,24,1
23.19999999999998,24,1
23.39999999999998,24,1
23.59999999999998,24,1
23.79999999999998,24,1
23.99999999999998,24,1
24.199999999999978,24,1
24.399999999999977,24,1
24.599999999999977,24,1
24.799999999999976,24,1
24.999999999999975,24,1
25.199999999999974,24,1
25.399999999999974,24,1
25.599999999999973,24,1
25.799999999999972,24,1
25.99999999999997,24,1
26.19999999999997,24,1
26.39999999999997,24,1
26.59999999999997,24,1
26.79999999999997,24,1
26.999999999999968,24,1
27.199999999999967,24,1
27.399999999999967,24,1
27.599999999999966,24,1
27.799999999999965,24,1
18.0,25,1
18.2,25,1
18.4,25,1
18.599999999999998,25,1
18.799999999999997,25,1
18.999999999999996,25,1
19.199999999999996,25,1
19.399999999999995,25,1
19.599999999999994,25,1
19.799999999999994,25,1
19.999999999999993,25,1
20.199999999999992,25,1
20.39999999999999,25,1
20.59999999999999,25,1
20.79999999999999,25,1
20.99999999999999,25,1
21.19999999999999,25,1
21.399999999999988,25,1
21.599999999999987,25,1
21.799999999999986,25,1
21.999999999999986,25,1
22.199999999999985,25,1
22.399999999999984,25,1
22.599999999999984,25,1
22.799999999999983,25,1
22.999999999999982,25,1
23.19999999999998,25,1
23.39999999999998,25,1
23.59999999999998,25,1
23.79999999999998,25,1
23.99999999999998,25,1
24.199999999999978,25,1
24.399999999999977,25,1
24.599999999999977,25,1
24.799999999999976,25,1
24.999999999999975,25,1
25.199999999999974,25,1
25.399999999999974,25,1
25.599999999999973,25,1
25.799999999999972,25,1
25.99999999999997,25,1
26.19999999999997,25,1
26.39999999999997,25,1
26.59999999999997,25,1
26.79999999999997,25,1
26.999999999999968,25,1
27.199999999999967,25,1
27.399999999999967,25,1
27.599999999999966,25,1
27.799999999999965,25,1
20.0,50,0
20.2,50,0
20.4,50,0
20.599999999999998,50,0
20.799999999999997,50,0
20.999999999999996,50,0
21.199999999999996,50,0
21.399999999999995,50,0
21.599999999999994,50,0
21.799999999999994,50,0
21.999999999999993,50,0
22.199999999999992,50,0
22.39999999999999,50,0
22.59999999999999,50,0
22.79999999999999,50,0
22.99999999999999,50,0
23.19999999999999,50,0
23.399999999999988,50,0
23.599999999999987,50,0
23.799999999999986,50,0
23.999999999999986,50,0
24.199999999999985,50,0
24.399999999999984,50,0
24.599999999999984,50,0
24.799999999999983,50,0
24.999999999999982,50,0
25.19999999999998,50,0
25.39999999999998,50,0
25.59999999999998,50,0
25.79999999999998,50,0
25.99999999999998,50,0
26.199999999999978,50,0
26.399999999999977,50,0
26.599999999999977,50,0
26.799999999999976,50,0
26.999999999999975,50,0
27.199999999999974,50,0
27.399999999999974,50,0
27.599999999999973,50,0
27.799999999999972,50,0
27.99999999999997,50,0
28.19999999999997,50,0
28.39999999999997,50,0
28.59999999999997,50,0
28.79999999999997,50,0
28.999999999999968,50,0
29.199999999999967,50,0
29.399999999999967,50,0
29.599999999999966,50,0
29.799999999999965,50,0
20.0,51,0
20.2,51,0
20.4,51,0
20.599999999999998,51,0
20.799999999999997,51,0
20.999999999999996,51,0
21.199999999999996,51,0
21.399999999999995,51,0
21.599999999999994,51,0
21.799999999999994,51,0
21.999999999999993,51,0
22.199999999999992,51,0
22.39999999999999,51,0
22.59999999999999,51,0
22.79999999999999,51,0
22.99999999999999,51,0
23.19999999999999,51,0
23.399999999999988,51,0
23.599999999999987,51,0
23.799999999999986,51,0
23.999999999999986,51,0
24.199999999999985,51,0
24.399999999999984,51,0
24.599999999999984,51,0
24.799999999999983,51,0
24.999999999999982,51,0
25.19999999999998,51,0
25.39999999999998,51,0
25.59999999999998,51,0
25.79999999999998,51,0
25.99999999999998,51,0
26.199999999999978,51,0
26.399999999999977,51,0
26.599999999999977,51,0
26.799999999999976,51,0
26.999999999999975,51,0
27.199999999999974,51,0
27.399999999999974,51,0
27.599999999999973,51,0
27.799999999999972,51,0
27.99999999999997,51,0
28.19999999999997,51,0
28.39999999999997,51,0
28.59999999999997,51,0
28.79999999999997,51,0
28.999999999999968,51,0
29.199999999999967,51,0
29.399999999999967,51,0
29.599999999999966,51,0
29.799999999999965,51,0
20.0,52,0
20.2,52,0
20.4,52,0
20.599999999999998,52,0
20.799999999999997,52,0
20.999999999999996,52,0
21.199999999999996,52,0
21.399999999999995,52,0
21.599999999999994,52,0
21.799999999999994,52,0
21.999999999999993,52,0
22.199999999999992,52,0
22.39999999999999,52,0
22.59999999999999,52,0
22.79999999999999,52,0
22.99999999999999,52,0
23.19999999999999,52,0
23.399999999999988,52,0
23.599999999999987,52,0
23.799999999999986,52,0
23.999999999999986,52,0
24.199999999999985,52,0
24.399999999999984,52,0
24.599999999999984,52,0
24.799999999999983,52,0
24.999999999999982,52,0
25.19999999999998,52,0
25.39999999999998,52,0
25.59999999999998,52,0
25.79999999999998,52,0
25.99999999999998,52,0
26.199999999999978,52,0
26.399999999999977,52,0
26.599999999999977,52,0
26.799999999999976,52,0
26.999999999999975,52,0
27.199999999999974,52,0
27.399999999999974,52,0
27.599999999999973,52,0
27.799999999999972,52,0
27.99999999999997,52,0
28.19999999999997,52,0
28.39999999999997,52,0
28.59999999999997,52,0
28.79999999999997,52,0
28.999999999999968,52,0
29.199999999999967,52,0
29.399999999999967,52,0
29.599999999999966,52,0
29.799999999999965,52,0
20.0,53,0
20.2,53,0
20.4,53,0
20.599999999999998,53,0
20.799999999999997,53,0
20.999999999999996,53,0
21.199999999999996,53,0
21.399999999999995,53,0
21.599999999999994,53,0
21.799999999999994,53,0
21.999999999999993,53,0
22.199999999999992,53,0
22.39999999999999,53,0
22.59999999999999,53,0
22.79999999999999,53,0
22.99999999999999,53,0
23.19999999999999,53,0
23.399999999999988,53,0
23.599999999999987,53,0
23.799999999999986,53,0
23.999999999999986,53,0
24.199999999999985,53,0
24.399999999999984,53,0
24.599999999999984,53,0
24.799999999999983,53,0
24.999999999999982,53,0
25.19999999999998,53,0
25.39999999999998,53,0
25.59999999999998,53,0
25.79999999999998,53,0
25.99999999999998,53,0
26.199999999999978,53,0
26.399999999999977,53,0
26.599999999999977,53,0
26.799999999999976,53,0
26.999999999999975,53,0
27.199999999999974,53,0
27.399999999999974,53,0
27.599999999999973,53,0
27.799999999999972,53,0
27.99999999999997,53,0
28.19999999999997,53,0
28.39999999999997,53,0
28.59999999999997,53,0
28.79999999999997,53,0
28.999999999999968,53,0
29.199999999999967,53,0
29.399999999999967,53,0
29.599999999999966,53,0
29.799999999999965,53,0
20.0,54,0
20.2,54,0
20.4,54,0
20.599999999999998,54,0
20.799999999999997,54,0
20.999999999999996,54,0
21.199999999999996,54,0
21.399999999999995,54,0
21.599999999999994,54,0
21.799999999999994,54,0
21.999999999999993,54,0
22.199999999999992,54,0
22.39999999999999,54,0
22.59999999999999,54,0
22.79999999999999,54,0
22.99999999999999,54,0
23.19999999999999,54,0
23.399999999999988,54,0
23.599999999999987,54,0
23.799999999999986,54,0
23.999999999999986,54,0
24.199999999999985,54,0
24.399999999999984,54,0
24.599999999999984,54,0
24.799999999999983,54,0
24.999999999999982,54,0
25.19999999999998,54,0
25.39999999999998,54,0
25.59999999999998,54,0
25.79999999999998,54,0
25.99999999999998,54,0
26.199999999999978,54,0
26.399999999999977,54,0
26.599999999999977,54,0
26.799999999999976,54,0
26.999999999999975,54,0
27.199999999999974,54,0
27.399999999999974,54,0
27.599999999999973,54,0
27.799999999999972,54,0
27.99999999999997,54,0
28.19999999999997,54,0
28.39999999999997,54,0
28.59999999999997,54,0
28.79999999999997,54,0
28.999999999999968,54,0
29.199999999999967,54,0
29.399999999999967,54,0
29.599999999999966,54,0
29.799999999999965,54,0
20.0,55,0
20.2,55,0
20.4,55,0
20.599999999999998,55,0
20.799999999999997,55,0
20.999999999999996,55,0
21.199999999999996,55,0
21.399999999999995,55,0
21.599999999999994,55,0
21.799999999999994,55,0
21.999999999999993,55,0
22.199999999999992,55,0
22.39999999999999,55,0
22.59999999999999,55,0
22.79999999999999,55,0
22.99999999999999,55,0
23.19999999999999,55,0
23.399999999999988,55,0
23.599999999999987,55,0
23.799999999999986,55,0
23.999999999999986,55,0
24.199999999999985,55,0
24.399999999999984,55,0
24.599999999999984,55,0
24.799999999999983,55,0
24.999999999999982,55,0
25.19999999999998,55,0
25.39999999999998,55,0
25.59999999999998,55,0
25.79999999999998,55,0
25.99999999999998,55,0
26.199999999999978,55,0
26.399999999999977,55,0
26.599999999999977,55,0
26.799999999999976,55,0
26.999999999999975,55,0
27.199999999999974,55,0
27.399999999999974,55,0
27.599999999999973,55,0
27.799999999999972,55,0
27.99999999999997,55,0
28.19999999999997,55,0
28.39999999999997,55,0
28.59999999999997,55,0
28.79999999999997,55,0
28.999999999999968,55,0
29.199999999999967,55,0
29.399999999999967,55,0
29.599999999999966,55,0
29.799999999999965,55,0
20.0,56,0
20.2,56,0
20.4,56,0
20.599999999999998,56,0
20.799999999999997,56,0
20.999999999999996,56,0
21.199999999999996,56,0
21.399999999999995,56,0
21.599999999999994,56,0
21.799999999999994,56,0
21.999999999999993,56,0
22.199999999999992,56,0
22.39999999999999,56,0
22.59999999999999,56,0
22.79999999999999,56,0
22.99999999999999,56,0
23.19999999999999,56,0
23.399999999999988,56,0
23.599999999999987,56,0
23.799999999999986,56,0
23.999999999999986,56,0
24.199999999999985,56,0
24.399999999999984,56,0
24.599999999999984,56,0
24.799999999999983,56,0
24.999999999999982,56,0
25.19999999999998,56,0
25.39999999999998,56,0
25.59999999999998,56,0
25.79999999999998,56,0
25.99999999999998,56,0
26.199999999999978,56,0
26.399999999999977,56,0
26.599999999999977,56,0
26.799999999999976,56,0
26.999999999999975,56,0
27.199999999999974,56,0
27.399999999999974,56,0
27.599999999999973,56,0
27.799999999999972,56,0
27.99999999999997,56,0
28.19999999999997,56,0
28.39999999999997,56,0
28.59999999999997,56,0
28.79999999999997,56,0
28.999999999999968,56,0
29.199999999999967,56,0
29.399999999999967,56,0
29.599999999999966,56,0
29.799999999999965,56,0
20.0,57,0
20.2,57,0
20.4,57,0
20.599999999999998,57,0
20.799999999999997,57,0
20.999999999999996,57,0
21.199999999999996,57,0
21.399999999999995,57,0
21.599999999999994,57,0
21.799999999999994,57,0
21.999999999999993,57,0
22.199999999999992,57,0
22.39999999999999,57,0
22.59999999999999,57,0
22.79999999999999,57,0
22.99999999999999,57,0
23.19999999999999,57,0
23.399999999999988,57,0
23.599999999999987,57,0
23.799999999999986,57,0
23.999999999999986,57,0
24.199999999999985,57,0
24.399999999999984,57,0
24.599999999999984,57,0
24.799999999999983,57,0
24.999999999999982,57,0
25.19999999999998,57,0
25.39999999999998,57,0
25.59999999999998,57,0
25.79999999999998,57,0
25.99999999999998,57,0
26.199999999999978,57,0
26.399999999999977,57,0
26.599999999999977,57,0
26.799999999999976,57,0
26.999999999999975,57,0
27.199999999999974,57,0
27.399999999999974,57,0
27.599999999999973,57,0
27.799999999999972,57,0
27.99999999999997,57,0
28.19999999999997,57,0
28.39999999999997,57,0
28.59999999999997,57,0
28.79999999999997,57,0
28.999999999999968,57,0
29.199999999999967,57,0
29.399999999999967,57,0
29.599999999999966,57,0
29.799999999999965,57,0
20.0,58,0
20.2,58,0
20.4,58,0
20.599999999999998,58,0
20.799999999999997,58,0
20.999999999999996,58,0
21.199999999999996,58,0
21.399999999999995,58,0
21.599999999999994,58,0
21.799999999999994,58,0
21.999999999999993,58,0
22.199999999999992,58,0
22.39999999999999,58,0
22.59999999999999,58,0
22.79999999999999,58,0
22.99999999999999,58,0
23.19999999999999,58,0
23.399999999999988,58,0
23.599999999999987,58,0
23.799999999999986,58,0
23.999999999999986,58,0
24.199999999999985,58,0
24.399999999999984,58,0
24.599999999999984,58,0
24.799999999999983,58,0
24.999999999999982,58,0
25.19999999999998,58,0
25.39999999999998,58,0
25.59999999999998,58,0
25.79999999999998,58,0
25.99999999999998,58,0
26.199999999999978,58,0
26.399999999999977,58,0
26.599999999999977,58,0
26.799999999999976,58,0
26.999999999999975,58,0
27.199999999999974,58,0
27.399999999999974,58,0
27.599999999999973,58,0
27.799999999999972,58,0
27.99999999999997,58,0
28.19999999999997,58,0
28.39999999999997,58,0
28.59999999999997,58,0
28.79999999999997,58,0
28.999999999999968,58,0
29.199999999999967,58,0
29.399999999999967,58,0
29.599999999999966,58,0
29.799999999999965,58,0
20.0,59,0
20.2,59,0
20.4,59,0
20.599999999999998,59,0
20.799999999999997,59,0
20.999999999999996,59,0
21.199999999999996,59,0
21.399999999999995,59,0
21.599999999999994,59,0
21.799999999999994,59,0
21.999999999999993,59,0
22.199999999999992,59,0
22.39999999999999,59,0
22.59999999999999,59,0
22.79999999999999,59,0
22.99999999999999,59,0
23.19999999999999,59,0
23.399999999999988,59,0
23.599999999999987,59,0
23.799999999999986,59,0
23.999999999999986,59,0
24.199999999999985,59,0
24.399999999999984,59,0
24.599999999999984,59,0
24.799999999999983,59,0
24.999999999999982,59,0
25.19999999999998,59,0
25.39999999999998,59,0
25.59999999999998,59,0
25.79999999999998,59,0
25.99999999999998,59,0
26.199999999999978,59,0
26.399999999999977,59,0
26.599999999999977,59,0
26.799999999999976,59,0
26.999999999999975,59,0
27.199999999999974,59,0
27.399999999999974,59,0
27.599999999999973,59,0
27.799999999999972,59,0
27.99999999999997,59,0
28.19999999999997,59,0
28.39999999999997,59,0
28.59999999999997,59,0
28.79999999999997,59,0
28.999999999999968,59,0
29.199999999999967,59,0
29.399999999999967,59,0
29.599999999999966,59,0
29.799999999999965,59,0
20.0,60,0
20.2,60,0
20.4,60,0
20.599999999999998,60,0
20.799999999999997,60,0
20.999999999999996,60,0
21.199999999999996,60,0
21.399999999999995,60,0
21.599999999999994,60,0
21.799999999999994,60,0
21.999999999999993,60,0
22.199999999999992,60,0
22.39999999999999,60,0
22.59999999999999,60,0
22.79999999999999,60,0
22.99999999999999,60,0
23.19999999999999,60,0
23.399999999999988,60,0
23.599999999999987,60,0
23.799999999999986,60,0
23.999999999999986,60,0
24.199999999999985,60,0
24.399999999999984,60,0
24.599999999999984,60,0
24.799999999999983,60,0
24.999999999999982,60,0
25.19999999999998,60,0
25.39999999999998,60,0
25.59999999999998,60,0
25.79999999999998,60,0
25.99999999999998,60,0
26.199999999999978,60,0
26.399999999999977,60,0
26.599999999999977,60,0
26.799999999999976,60,0
26.999999999999975,60,0
27.199999999999974,60,0
27.399999999999974,60,0
27.599999999999973,60,0
27.799999999999972,60,0
27.99999999999997,60,0
28.19999999999997,60,0
28.39999999999997,60,0
28.59999999999997,60,0
28.79999999999997,60,0
28.999999999999968,60,0
29.199999999999967,60,0
29.399999999999967,60,0
29.599999999999966,60,0
29.799999999999965,60,0
20.0,61,0
20.2,61,0
20.4,61,0
20.599999999999998,61,0
20.799999999999997,61,0
20.999999999999996,61,0
21.199999999999996,61,0
21.399999999999995,61,0
21.599999999999994,61,0
21.799999999999994,61,0
21.999999999999993,61,0
22.199999999999992,61,0
22.39999999999999,61,0
22.59999999999999,61,0
22.79999999999999,61,0
22.99999999999999,61,0
23.19999999999999,61,0
23.399999999999988,61,0
23.599999999999987,61,0
23.799999999999986,61,0
23.999999999999986,61,0
24.199999999999985,61,0
24.399999999999984,61,0
24.599999999999984,61,0
24.799999999999983,61,0
24.999999999999982,61,0
25.19999999999998,61,0
25.39999999999998,61,0
25.59999999999998,61,0
25.79999999999998,61,0
25.99999999999998,61,0
26.199999999999978,61,0
26.399999999999977,61,0
26.599999999999977,61,0
26.799999999999976,61,0
26.999999999999975,61,0
27.199999999999974,61,0
27.399999999999974,61,0
27.599999999999973,61,0
27.799999999999972,61,0
27.99999999999997,61,0
28.19999999999997,61,0
28.39999999999997,61,0
28.59999999999997,61,0
28.79999999999997,61,0
28.999999999999968,61,0
29.199999999999967,61,0
29.399999999999967,61,0
29.599999999999966,61,0
29.799999999999965,61,0
20.0,62,0
20.2,62,0
20.4,62,0
20.599999999999998,62,0
20.799999999999997,62,0
20.999999999999996,62,0
21.199999999999996,62,0
21.399999999999995,62,0
21.599999999999994,62,0
21.799999999999994,62,0
21.999999999999993,62,0
22.199999999999992,62,0
22.39999999999999,62,0
22.59999999999999,62,0
22.79999999999999,62,0
22.99999999999999,62,0
23.19999999999999,62,0
23.399999999999988,62,0
23.599999999999987,62,0
23.799999999999986,62,0
23.999999999999986,62,0
24.199999999999985,62,0
24.399999999999984,62,0
24.599999999999984,62,0
24.799999999999983,62,0
24.999999999999982,62,0
25.19999999999998,62,0
25.39999999999998,62,0
25.59999999999998,62,0
25.79999999999998,62,0
25.99999999999998,62,0
26.199999999999978,62,0
26.399999999999977,62,0
26.599999999999977,62,0
26.799999999999976,62,0
26.999999999999975,62,0
27.199999999999974,62,0
27.399999999999974,62,0
27.599999999999973,62,0
27.799999999999972,62,0
27.99999999999997,62,0
28.19999999999997,62,0
28.39999999999997,62,0
28.59999999999997,62,0
28.79999999999997,62,0
28.999999999999968,62,0
29.199999999999967,62,0
29.399999999999967,62,0
29.599999999999966,62,0
29.799999999999965,62,0
20.0,63,0
20.2,63,0
20.4,63,0
20.599999999999998,63,0
20.799999999999997,63,0
20.999999999999996,63,0
21.199999999999996,63,0
21.399999999999995,63,0
21.599999999999994,63,0
21.799999999999994,63,0
21.999999999999993,63,0
22.199999999999992,63,0
22.39999999999999,63,0
22.59999999999999,63,0
22.79999999999999,63,0
22.99999999999999,63,0
23.19999999999999,63,0
23.399999999999988,63,0
23.599999999999987,63,0
23.799999999999986,63,0
23.999999999999986,63,0
24.199999999999985,63,0
24.399999999999984,63,0
24.599999999999984,63,0
24.799999999999983,63,0
24.999999999999982,63,0
25.19999999999998,63,0
25.39999999999998,63,0
25.59999999999998,63,0
25.79999999999998,63,0
25.99999999999998,63,0
26.199999999999978,63,0
26.399999999999977,63,0
26.599999999999977,63,0
26.799999999999976,63,0
26.999999999999975,63,0
27.199999999999974,63,0
27.399999999999974,63,0
27.599999999999973,63,0
27.799999999999972,63,0
27.99999999999997,63,0
28.19999999999997,63,0
28.39999999999997,63,0
28.59999999999997,63,0
28.79999999999997,63,0
28.999999999999968,63,0
29.199999999999967,63,0
29.399999999999967,63,0
29.599999999999966,63,0
29.799999999999965,63,0
20.0,64,0
20.2,64,0
20.4,64,0
20.599999999999998,64,0
20.799999999999997,64,0
20.999999999999996,64,0
21.199999999999996,64,0
21.399999999999995,64,0
21.599999999999994,64,0
21.799999999999994,64,0
21.999999999999993,64,0
22.199999999999992,64,0
22.39999999999999,64,0
22.59999999999999,64,0
22.79999999999999,64,0
22.99999999999999,64,0
23.19999999999999,64,0
23.399999999999988,64,0
23.599999999999987,64,0
23.799999999999986,64,0
23.999999999999986,64,0
24.199999999999985,64,0
24.399999999999984,64,0
24.599999999999984,64,0
24.799999999999983,64,0
24.999999999999982,64,0
25.19999999999998,64,0
25.39999999999998,64,0
25.59999999999998,64,0
25.79999999999998,64,0
25.99999999999998,64,0
26.199999999999978,64,0
26.399999999999977,64,0
26.599999999999977,64,0
26.799999999999976,64,0
26.999999999999975,64,0
27.199999999999974,64,0
27.399999999999974,64,0
27.599999999999973,64,0
27.799999999999972,64,0
27.99999999999997,64,0
28.19999999999997,64,0
28.39999999999997,64,0
28.59999999999997,64,0
28.79999999999997,64,0
28.999999999999968,64,0
29.199999999999967,64,0
29.399999999999967,64,0
29.599999999999966,64,0
29.799999999999965,64,0
20.0,65,0
20.2,65,0
20.4,65,0
20.599999999999998,65,0
20.799999999999997,65,0
20.999999999999996,65,0
21.199999999999996,65,0
21.399999999999995,65,0
21.599999999999994,65,0
21.799999999999994,65,0
21.999999999999993,65,0
22.199999999999992,65,0
22.39999999999999,65,0
22.59999999999999,65,0
22.79999999999999,65,0
22.99999999999999,65,0
23.19999999999999,65,0
23.399999999999988,65,0
23.599999999999987,65,0
23.799999999999986,65,0
23.999999999999986,65,0
24.199999999999985,65,0
24.399999999999984,65,0
24.599999999999984,65,0
24.799999999999983,65,0
24.999999999999982,65,0
25.19999999999998,65,0
25.39999999999998,65,0
25.59999999999998,65,0
25.79999999999998,65,0
25.99999999999998,65,0
26.199999999999978,65,0
26.399999999999977,65,0
26.599999999999977,65,0
26.799999999999976,65,0
26.999999999999975,65,0
27.199999999999974,65,0
27.399999999999974,65,0
27.599999999999973,65,0
27.799999999999972,65,0
27.99999999999997,65,0
28.19999999999997,65,0
28.39999999999997,65,0
28.59999999999997,65,0
28.79999999999997,65,0
28.999999999999968,65,0
29.199999999999967,65,0
29.399999999999967,65,0
29.599999999999966,65,0
29.799999999999965,65,0
20.0,66,0
20.2,66,0
20.4,66,0
20.599999999999998,66,0
20.799999999999997,66,0
20.999999999999996,66,0
21.199999999999996,66,0
21.399999999999995,66,0
21.599999999999994,66,0
21.799999999999994,66,0
21.999999999999993,66,0
22.199999999999992,66,0
22.39999999999999,66,0
22.59999999999999,66,0
22.79999999999999,66,0
22.99999999999999,66,0
23.19999999999999,66,0
23.399999999999988,66,0
23.599999999999987,66,0
23.799999999999986,66,0
23.999999999999986,66,0
24.199999999999985,66,0
24.399999999999984,66,0
24.599999999999984,66,0
24.799999999999983,66,0
24.999999999999982,66,0
25.19999999999998,66,0
25.39999999999998,66,0
25.59999999999998,66,0
25.79999999999998,66,0
25.99999999999998,66,0
26.199999999999978,66,0
26.399999999999977,66,0
26.599999999999977,66,0
26.799999999999976,66,0
26.999999999999975,66,0
27.199999999999974,66,0
27.399999999999974,66,0
27.599999999999973,66,0
27.799999999999972,66,0
27.99999999999997,66,0
28.19999999999997,66,0
28.39999999999997,66,0
28.59999999999997,66,0
28.79999999999997,66,0
28.999999999999968,66,0
29.199999999999967,66,0
29.399999999999967,66,0
29.599999999999966,66,0
29.799999999999965,66,0
20.0,67,0
20.2,67,0
20.4,67,0
20.599999999999998,67,0
20.799999999999997,67,0
20.999999999999996,67,0
21.199999999999996,67,0
21.399999999999995,67,0
21.599999999999994,67,0
21.799999999999994,67,0
21.999999999999993,67,0
22.199999999999992,67,0
22.39999999999999,67,0
22.59999999999999,67,0
22.79999999999999,67,0
22.99999999999999,67,0
23.19999999999999,67,0
23.399999999999988,67,0
23.599999999999987,67,0
23.799999999999986,67,0
23.999999999999986,67,0
24.199999999999985,67,0
24.399999999999984,67,0
24.599999999999984,67,0
24.799999999999983,67,0
24.999999999999982,67,0
25.19999999999998,67,0
25.39999999999998,67,0
25.59999999999998,67,0
25.79999999999998,67,0
25.99999999999998,67,0
26.199999999999978,67,0
26.399999999999977,67,0
26.599999999999977,67,0
26.799999999999976,67,0
26.999999999999975,67,0
27.199999999999974,67,0
27.399999999999974,67,0
27.599999999999973,67,0
27.799999999999972,67,0
27.99999999999997,67,0
28.19999999999997,67,0
28.39999999999997,67,0
28.59999999999997,67,0
28.79999999999997,67,0
28.999999999999968,67,0
29.199999999999967,67,0
29.399999999999967,67,0
29.599999999999966,67,0
29.799999999999965,67,0
20.0,68,0
20.2,68,0
20.4,68,0
20.599999999999998,68,0
20.799999999999997,68,0
20.999999999999996,68,0
21.199999999999996,68,0
21.399999999999995,68,0
21.599999999999994,68,0
21.799999999999994,68,0
21.999999999999993,68,0
22.199999999999992,68,0
22.39999999999999,68,0
22.59999999999999,68,0
22.79999999999999,68,0
22.99999999999999,68,0
23.19999999999999,68,0
23.399999999999988,68,0
23.599999999999987,68,0
23.799999999999986,68,0
23.999999999999986,68,0
24.199999999999985,68,0
24.399999999999984,68,0
24.599999999999984,68,0
24.799999999999983,68,0
24.999999999999982,68,0
25.19999999999998,68,0
25.39999999999998,68,0
25.59999999999998,68,0
25.79999999999998,68,0
25.99999999999998,68,0
26.199999999999978,68,0
26.399999999999977,68,0
26.599999999999977,68,0
26.799999999999976,68,0
26.999999999999975,68,0
27.199999999999974,68,0
27.399999999999974,68,0
27.599999999999973,68,0
27.799999999999972,68,0
27.99999999999997,68,0
28.19999999999997,68,0
28.39999999999997,68,0
28.59999999999997,68,0
28.79999999999997,68,0
28.999999999999968,68,0
29.199999999999967,68,0
29.399999999999967,68,0
29.599999999999966,68,0
29.799999999999965,68,0
20.0,69,0
20.2,69,0
20.4,69,0
20.599999999999998,69,0
20.799999999999997,69,0
20.999999999999996,69,0
21.199999999999996,69,0
21.399999999999995,69,0
21.599999999999994,69,0
21.799999999999994,69,0
21.999999999999993,69,0
22.199999999999992,69,0
22.39999999999999,69,0
22.59999999999999,69,0
22.79999999999999,69,0
22.99999999999999,69,0
23.19999999999999,69,0
23.399999999999988,69,0
23.599999999999987,69,0
23.799999999999986,69,0
23.999999999999986,69,0
24.199999999999985,69,0
24.399999999999984,69,0
24.599999999999984,69,0
24.799999999999983,69,0
24.999999999999982,69,0
25.19999999999998,69,0
25.39999999999998,69,0
25.59999999999998,69,0
25.79999999999998,69,0
25.99999999999998,69,0
26.199999999999978,69,0
26.399999999999977,69,0
26.599999999999977,69,0
26.799999999999976,69,0
26.999999999999975,69,0
27.199999999999974,69,0
27.399999999999974,69,0
27.599999999999973,69,0
27.799999999999972,69,0
27.99999999999997,69,0
28.19999999999997,69,0
28.39999999999997,69,0
28.59999999999997,69,0
28.79999999999997,69,0
28.999999999999968,69,0
29.199999999999967,69,0
29.399999999999967,69,0
29.599999999999966,69,0
29.799999999999965,69,0
20.0,70,0
20.2,70,0
20.4,70,0
20.599999999999998,70,0
20.799999999999997,70,0
20.999999999999996,70,0
21.199999999999996,70,0
21.399999999999995,70,0
21.599999999999994,70,0
21.799999999999994,70,0
21.999999999999993,70,0
22.199999999999992,70,0
22.39999999999999,70,0
22.59999999999999,70,0
22.79999999999999,70,0
22.99999999999999,70,0
23.19999999999999,70,0
23.399999999999988,70,0
23.599999999999987,70,0
23.799999999999986,70,0
23.999999999999986,70,0
24.199999999999985,70,0
24.399999999999984,70,0
24.599999999999984,70,0
24.799999999999983,70,0
24.999999999999982,70,0
25.19999999999998,70,0
25.39999999999998,70,0
25.59999999999998,70,0
25.79999999999998,70,0
25.99999999999998,70,0
26.199999999999978,70,0
26.399999999999977,70,0
26.599999999999977,70,0
26.799999999999976,70,0
26.999999999999975,70,0
27.199999999999974,70,0
27.399999999999974,70,0
27.599999999999973,70,0
27.799999999999972,70,0
27.99999999999997,70,0
28.19999999999997,70,0
28.39999999999997,70,0
28.59999999999997,70,0
28.79999999999997,70,0
28.999999999999968,70,0
29.199999999999967,70,0
29.399999999999967,70,0
29.599999999999966,70,0
29.799999999999965,70,0
20.0,71,0
20.2,71,0
20.4,71,0
20.599999999999998,71,0
20.799999999999997,71,0
20.999999999999996,71,0
21.199999999999996,71,0
21.399999999999995,71,0
21.599999999999994,71,0
21.799999999999994,71,0
21.999999999999993,71,0
22.199999999999992,71,0
22.39999999999999,71,0
22.59999999999999,71,0
22.79999999999999,71,0
22.99999999999999,71,0
23.19999999999999,71,0
23.399999999999988,71,0
23.599999999999987,71,0
23.799999999999986,71,0
23.999999999999986,71,0
24.199999999999985,71,0
24.399999999999984,71,0
24.599999999999984,71,0
24.799999999999983,71,0
24.999999999999982,71,0
25.19999999999998,71,0
25.39999999999998,71,0
25.59999999999998,71,0
25.79999999999998,71,0
25.99999999999998,71,0
26.199999999999978,71,0
26.399999999999977,71,0
26.599999999999977,71,0
26.799999999999976,71,0
26.999999999999975,71,0
27.199999999999974,71,0
27.399999999999974,71,0
27.599999999999973,71,0
27.799999999999972,71,0
27.99999999999997,71,0
28.19999999999997,71,0
28.39999999999997,71,0
28.59999999999997,71,0
28.79999999999997,71,0
28.999999999999968,71,0
29.199999999999967,71,0
29.399999999999967,71,0
29.599999999999966,71,0
29.799999999999965,71,0
20.0,72,0
20.2,72,0
20.4,72,0
20.599999999999998,72,0
20.799999999999997,72,0
20.999999999999996,72,0
21.199999999999996,72,0
21.399999999999995,72,0
21.599999999999994,72,0
21.799999999999994,72,0
21.999999999999993,72,0
22.199999999999992,72,0
22.39999999999999,72,0
22.59999999999999,72,0
22.79999999999999,72,0
22.99999999999999,72,0
23.19999999999999,72,0
23.399999999999988,72,0
23.599999999999987,72,0
23.799999999999986,72,0
23.999999999999986,72,0
24.199999999999985,72,0
24.399999999999984,72,0
24.599999999999984,72,0
24.799999999999983,72,0
24.999999999999982,72,0
25.19999999999998,72,0
25.39999999999998,72,0
25.59999999999998,72,0
25.79999999999998,72,0
25.99999999999998,72,0
26.199999999999978,72,0
26.399999999999977,72,0
26.599999999999977,72,0
26.799999999999976,72,0
26.999999999999975,72,0
27.199999999999974,72,0
27.399999999999974,72,0
27.599999999999973,72,0
27.799999999999972,72,0
27.99999999999997,72,0
28.19999999999997,72,0
28.39999999999997,72,0
28.59999999999997,72,0
28.79999999999997,72,0
28.999999999999968,72,0
29.199999999999967,72,0
29.399999999999967,72,0
29.599999999999966,72,0
29.799999999999965,72,0
20.0,73,0
20.2,73,0
20.4,73,0
20.599999999999998,73,0
20.799999999999997,73,0
20.999999999999996,73,0
21.199999999999996,73,0
21.399999999999995,73,0
21.599999999999994,73,0
21.799999999999994,73,0
21.999999999999993,73,0
22.199999999999992,73,0
22.39999999999999,73,0
22.59999999999999,73,0
22.79999999999999,73,0
22.99999999999999,73,0
23.19999999999999,73,0
23.399999999999988,73,0
23.599999999999987,73,0
23.799999999999986,73,0
23.999999999999986,73,0
24.199999999999985,73,0
24.399999999999984,73,0
24.599999999999984,73,0
24.799999999999983,73,0
24.999999999999982,73,0
25.19999999999998,73,0
25.39999999999998,73,0
25.59999999999998,73,0
25.79999999999998,73,0
25.99999999999998,73,0
26.199999999999978,73,0
26.399999999999977,73,0
26.599999999999977,73,0
26.799999999999976,73,0
26.999999999999975,73,0
27.199999999999974,73,0
27.399999999999974,73,0
27.599999999999973,73,0
27.799999999999972,73,0
27.99999999999997,73,0
28.19999999999997,73,0
28.39999999999997,73,0
28.59999999999997,73,0
28.79999999999997,73,0
28.999999999999968,73,0
29.199999999999967,73,0
29.399999999999967,73,0
29.599999999999966,73,0
29.799999999999965,73,0
20.0,74,0
20.2,74,0
20.4,74,0
20.599999999999998,74,0
20.799999999999997,74,0
20.999999999999996,74,0
21.199999999999996,74,0
21.399999999999995,74,0
21.599999999999994,74,0
21.799999999999994,74,0
21.999999999999993,74,0
22.199999999999992,74,0
22.39999999999999,74,0
22.59999999999999,74,0
22.79999999999999,74,0
22.99999999999999,74,0
23.19999999999999,74,0
23.399999999999988,74,0
23.599999999999987,74,0
23.799999999999986,74,0
23.999999999999986,74,0
24.199999999999985,74,0
24.399999999999984,74,0
24.599999999999984,74,0
24.799999999999983,74,0
24.999999999999982,74,0
25.19999999999998,74,0
25.39999999999998,74,0
25.59999999999998,74,0
25.79999999999998,74,0
25.99999999999998,74,0
26.199999999999978,74,0
26.399999999999977,74,0
26.599999999999977,74,0
26.799999999999976,74,0
26.999999999999975,74,0
27.199999999999974,74,0
27.399999999999974,74,0
27.599999999999973,74,0
27.799999999999972,74,0
27.99999999999997,74,0
28.19999999999997,74,0
28.39999999999997,74,0
28.59999999999997,74,0
28.79999999999997,74,0
28.999999999999968,74,0
29.199999999999967,74,0
29.399999999999967,74,0
29.599999999999966,74,0
29.799999999999965,74,0
20.0,75,0
20.2,75,0
20.4,75,0
20.599999999999998,75,0
20.799999999999997,75,0
20.999999999999996,75,0
21.199999999999996,75,0
21.399999999999995,75,0
21.599999999999994,75,0
21.799999999999994,75,0
21.999999999999993,75,0
22.199999999999992,75,0
22.39999999999999,75,0
22.59999999999999,75,0
22.79999999999999,75,0
22.99999999999999,75,0
23.19999999999999,75,0
23.399999999999988,75,0
23.599999999999987,75,0
23.799999999999986,75,0
23.999999999999986,75,0
24.199999999999985,75,0
24.399999999999984,75,0
24.599999999999984,75,0
24.799999999999983,75,0
24.999999999999982,75,0
25.19999999999998,75,0
25.39999999999998,75,0
25.59999999999998,75,0
25.79999999999998,75,0
25.99999999999998,75,0
26.199999999999978,75,0
26.399999999999977,75,0
26.599999999999977,75,0
26.799999999999976,75,0
26.999999999999975,75,0
27.199999999999974,75,0
27.399999999999974,75,0
27.599999999999973,75,0
27.799999999999972,75,0
27.99999999999997,75,0
28.19999999999997,75,0
28.39999999999997,75,0
28.59999999999997,75,0
28.79999999999997,75,0
28.999999999999968,75,0
29.199999999999967,75,0
29.399999999999967,75,0
29.599999999999966,75,0
29.799999999999965,75,0
20.0,76,0
20.2,76,0
20.4,76,0
20.599999999999998,76,0
20.799999999999997,76,0
20.999999999999996,76,0
21.199999999999996,76,0
21.399999999999995,76,0
21.599999999999994,76,0
21.799999999999994,76,0
21.999999999999993,76,0
22.199999999999992,76,0
22.39999999999999,76,0
22.59999999999999,76,0
22.79999999999999,76,0
22.99999999999999,76,0
23.19999999999999,76,0
23.399999999999988,76,0
23.599999999999987,76,0
23.799999999999986,76,0
23.999999999999986,76,0
24.199999999999985,76,0
24.399999999999984,76,0
24.599999999999984,76,0
24.799999999999983,76,0
24.999999999999982,76,0
25.19999999999998,76,0
25.39999999999998,76,0
25.59999999999998,76,0
25.79999999999998,76,0
25.99999999999998,76,0
26.199999999999978,76,0
26.399999999999977,76,0
26.599999999999977,76,0
26.799999999999976,76,0
26.999999999999975,76,0
27.199999999999974,76,0
27.399999999999974,76,0
27.599999999999973,76,0
27.799999999999972,76,0
27.99999999999997,76,0
28.19999999999997,76,0
28.39999999999997,76,0
28.59999999999997,76,0
28.79999999999997,76,0
28.999999999999968,76,0
29.199999999999967,76,0
29.399999999999967,76,0
29.599999999999966,76,0
29.799999999999965,76,0
20.0,77,0
20.2,77,0
20.4,77,0
20.599999999999998,77,0
20.799999999999997,77,0
20.999999999999996,77,0
21.199999999999996,77,0
21.399999999999995,77,0
21.599999999999994,77,0
21.799999999999994,77,0
21.999999999999993,77,0
22.199999999999992,77,0
22.39999999999999,77,0
22.59999999999999,77,0
22.79999999999999,77,0
22.99999999999999,77,0
23.19999999999999,77,0
23.399999999999988,77,0
23.599999999999987,77,0
23.799999999999986,77,0
23.999999999999986,77,0
24.199999999999985,77,0
24.399999999999984,77,0
24.599999999999984,77,0
24.799999999999983,77,0
24.999999999999982,77,0
25.19999999999998,77,0
25.39999999999998,77,0
25.59999999999998,77,0
25.79999999999998,77,0
25.99999999999998,77,0
26.199999999999978,77,0
26.399999999999977,77,0
26.599999999999977,77,0
26.799999999999976,77,0
26.999999999999975,77,0
27.199999999999974,77,0
27.399999999999974,77,0
27.599999999999973,77,0
27.799999999999972,77,0
27.99999999999997,77,0
28.19999999999997,77,0
28.39999999999997,77,0
28.59999999999997,77,0
28.79999999999997,77,0
28.999999999999968,77,0
29.199999999999967,77,0
29.399999999999967,77,0
29.599999999999966,77,0
29.799999999999965,77,0
20.0,78,0
20.2,78,0
20.4,78,0
20.599999999999998,78,0
20.799999999999997,78,0
20.999999999999996,78,0
21.199999999999996,78,0
21.399999999999995,78,0
21.599999999999994,78,0
21.799999999999994,78,0
21.999999999999993,78,0
22.199999999999992,78,0
22.39999999999999,78,0
22.59999999999999,78,0
22.79999999999999,78,0
22.99999999999999,78,0
23.19999999999999,78,0
23.399999999999988,78,0
23.599999999999987,78,0
23.799999999999986,78,0
23.999999999999986,78,0
24.199999999999985,78,0
24.399999999999984,78,0
24.599999999999984,78,0
24.799999999999983,78,0
24.999999999999982,78,0
25.19999999999998,78,0
25.39999999999998,78,0
25.59999999999998,78,0
25.79999999999998,78,0
25.99999999999998,78,0
26.199999999999978,78,0
26.399999999999977,78,0
26.599999999999977,78,0
26.799999999999976,78,0
26.999999999999975,78,0
27.199999999999974,78,0
27.399999999999974,78,0
27.599999999999973,78,0
27.799999999999972,78,0
27.99999999999997,78,0
28.19999999999997,78,0
28.39999999999997,78,0
28.59999999999997,78,0
28.79999999999997,78,0
28.999999999999968,78,0
29.199999999999967,78,0
29.399999999999967,78,0
29.599999999999966,78,0
29.799999999999965,78,0
20.0,79,0
20.2,79,0
20.4,79,0
20.599999999999998,79,0
20.799999999999997,79,0
20.999999999999996,79,0
21.199999999999996,79,0
21.399999999999995,79,0
21.599999999999994,79,0
21.799999999999994,79,0
21.999999999999993,79,0
22.199999999999992,79,0
22.39999999999999,79,0
22.59999999999999,79,0
22.79999999999999,79,0
22.99999999999999,79,0
23.19999999999999,79,0
23.399999999999988,79,0
23.599999999999987,79,0
23.799999999999986,79,0
23.999999999999986,79,0
24.199999999999985,79,0
24.399999999999984,79,0
24.599999999999984,79,0
24.799999999999983,79,0
24.999999999999982,79,0
25.19999999999998,79,0
25.39999999999998,79,0
25.59999999999998,79,0
25.79999999999998,79,0
25.99999999999998,79,0
26.199999999999978,79,0
26.399999999999977,79,0
26.599999999999977,79,0
26.799999999999976,79,0
26.999999999999975,79,0
27.199999999999974,79,0
27.399999999999974,79,0
27.599999999999973,79,0
27.799999999999972,79,0
27.99999999999997,79,0
28.19999999999997,79,0
28.39999999999997,79,0
28.59999999999997,79,0
28.79999999999997,79,0
28.999999999999968,79,0
29.199999999999967,79,0
29.399999999999967,79,0
29.599999999999966,79,0
29.799999999999965,79,0
20.0,80,0
20.2,80,0
20.4,80,0
20.599999999999998,80,0
20.799999999999997,80,0
20.999999999999996,80,0
21.199999999999996,80,0
21.399999999999995,80,0
21.599999999999994,80,0
21.799999999999994,80,0
21.999999999999993,80,0
22.199999999999992,80,0
22.39999999999999,80,0
22.59999999999999,80,0
22.79999999999999,80,0
22.99999999999999,80,0
23.19999999999999,80,0
23.399999999999988,80,0
23.599999999999987,80,0
23.799999999999986,80,0
23.999999999999986,80,0
24.199999999999985,80,0
24.399999999999984,80,0
24.599999999999984,80,0
24.799999999999983,80,0
24.999999999999982,80,0
25.19999999999998,80,0
25.39999999999998,80,0
25.59999999999998,80,0
25.79999999999998,80,0
25.99999999999998,80,0
26.199999999999978,80,0
26.399999999999977,80,0
26.599999999999977,80,0
26.799999999999976,80,0
26.999999999999975,80,0
27.199999999999974,80,0
27.399999999999974,80,0
27.599999999999973,80,0
27.799999999999972,80,0
27.99999999999997,80,0
28.19999999999997,80,0
28.39999999999997,80,0
28.59999999999997,80,0
28.79999999999997,80,0
28.999999999999968,80,0
29.199999999999967,80,0
29.399999999999967,80,0
29.599999999999966,80,0
29.799999999999965,80,0
